battery,capacity,connectivity,display,fast_charge_point,features,front_camera,in_store,launch_date,oper_sys,perform,prod_brand,prod_name,prod_no_of_ratings,prod_price,prod_star,prod_url,product_availability,ram,rear_camera,refresh_rate
4500 mah battery with fast charging,4500,dual sim: nano + nano with volte support,17.02,Yes,side fingerprint sensor |face unlock|no 3.5 mm headphone jack present,8.0,256.0,,android v13,mediatek dimensity 6020 octa core processor,honor,honor x50i,0,16690,0.0,https://pricebaba.com/mobile/honor-x50i,in stock,8.0,100.0,90
2200 mah battery,2200,dual sim,12.7,No,3.5 mm headphone jack present,5.0,8.0,,android v4.2 (jelly bean) upgradable to v4.4 (kitkat),mediatek mt6592 octa core processor,wickedleak,wickedleak wammy neo youth,0,8490,0.0,https://pricebaba.com/mobile/wickedleak-wammy-neo-youth,in stock,1.0,13.0,60
5000 mah battery with fast charging,5000,dual sim: nano + nano with volte support,16.94,Yes,on-screen fingerprint sensor |face unlock|no 3.5 mm headphone jack present,16.0,128.0,,android v13,qualcomm snapdragon 8 gen 2 octa core processor,xiaomi,xiaomi redmi k60 pro 5g,0,39290,0.0,https://pricebaba.com/mobile/xiaomi-redmi-k60-pro-5g,in stock,8.0,54.0,120
"4700 mah battery with flash charging, charges upto 100% in 10 minutes",4700,dual sim: nano + nano with volte support,17.22,Yes,on-screen fingerprint sensor |face unlock|no 3.5 mm headphone jack present,16.0,128.0,,android v13,qualcomm snapdragon 8 gen 2 octa core processor,iqoo,iqoo 11 pro 5g,0,59190,0.0,https://pricebaba.com/mobile/iqoo-11-pro-5g,in stock,8.0,50.0,144
"5000 mah battery with fast charging, charges upto 55% in 30 minutes",5000,dual sim: nano + nano with volte support,17.22,Yes,side fingerprint sensor |face unlock|3.5 mm headphone jack present,8.0,256.0,,android v13,mediatek helio g88 octa core processor,infinix,infinix hot 30,0,10999,0.0,https://pricebaba.com/mobile/infinix-hot-30,in stock,8.0,50.0,90
5000 mah battery with fast charging,5000,dual sim: nano + nano with volte support,17.02,Yes,on-screen fingerprint sensor |face unlock|no 3.5 mm headphone jack present,50.0,256.0,,android v13,qualcomm snapdragon 7 gen 1 octa core processor,honor,honor 90,0,29290,0.0,https://pricebaba.com/mobile/honor-90,in stock,12.0,200.0,120
5000 mah battery with fast charging,5000,dual sim: nano + nano with volte support,17.3,Yes,on-screen fingerprint sensor |face unlock|no 3.5 mm headphone jack present,32.0,128.0,,flyme os v10,qualcomm snapdragon 8 gen 2 octa core processor,meizu,meizu 20 pro,0,47890,0.0,https://pricebaba.com/mobile/meizu-20-pro,in stock,12.0,50.0,120
"4600 mah battery with flash charging, charges upto 70% in 30 minutes",4600,dual sim: nano + nano with volte support,17.22,Yes,on-screen fingerprint sensor |face unlock|no 3.5 mm headphone jack present,50.0,256.0,,android v13,mediatek dimensity 8200 mt6896z octa core processor,vivo,vivo s17 pro,0,36040,0.0,https://pricebaba.com/mobile/vivo-s17-pro,in stock,8.0,50.0,120
"4700 mah battery with super vooc charging, charges upto 100% in 31 minutes",4700,dual sim: nano + nano with volte support,17.02,Yes,on-screen fingerprint sensor |face unlock|no 3.5 mm headphone jack present,32.0,256.0,,android v13,qualcomm snapdragon 8 plus gen 1 octa core processor,oppo,oppo reno9 pro plus,0,45790,0.0,https://pricebaba.com/mobile/oppo-reno9-pro-plus,in stock,16.0,50.0,120
5000 mah battery with turbo charging,5000,dual sim: nano + nano (hybrid) with volte support,16.94,Yes,side fingerprint sensor |face unlock|3.5 mm headphone jack present,16.0,128.0,,android v11,qualcomm snapdragon 732g octa core processor,xiaomi,xiaomi redmi note 12 pro,0,19590,0.0,https://pricebaba.com/mobile/xiaomi-redmi-note-12-pro,in stock,6.0,108.0,120
"6000 mah battery with quick charging v5.0, charges upto 100% in 42 minutes",6000,dual sim: nano + nano with volte support,17.22,Yes,on-screen fingerprint sensor |face unlock|3.5 mm headphone jack present,32.0,256.0,,android v13,qualcomm snapdragon 8 gen 2 octa core processor,asus,asus rog phone 7,0,74999,0.0,https://pricebaba.com/mobile/asus-rog-phone-7,in stock,12.0,50.0,165
5500 mah battery with fast charging,5500,dual sim: nano + nano with volte support,16.99,Yes,on-screen fingerprint sensor |face unlock|no 3.5 mm headphone jack present,50.0,128.0,,android v13,qualcomm snapdragon 730g octa core processor,xiaomi,xiaomi redmi note 14 pro max,0,19990,0.0,https://pricebaba.com/mobile/xiaomi-redmi-note-14-pro-max,in stock,8.0,108.0,60
4500 mah battery with fast charging,4500,dual sim: nano + nano with volte support,16.94,Yes,on-screen fingerprint sensor |face unlock|no 3.5 mm headphone jack present,32.0,256.0,,android v13,qualcomm snapdragon 7 plus gen 2 octa core processor,nokia,nokia 7610 5g,0,52990,0.0,https://pricebaba.com/mobile/nokia-7610-5g,in stock,12.0,108.0,120
"5000 mah battery with fast charging, charges upto 80% in 30 minutes",5000,dual sim: nano + nano with volte support,16.94,Yes,on-screen fingerprint sensor |face unlock|3.5 mm headphone jack present,32.0,256.0,,android v13,mediatek dimensity 8050 mt6893 octa core processor,infinix,infinix note 30 vip,0,24690,0.0,https://pricebaba.com/mobile/infinix-note-30-vip,in stock,8.0,108.0,120
4700 mah battery with flash charging,4700,dual sim: nano + nano with volte support,17.22,Yes,on-screen fingerprint sensor |face unlock|no 3.5 mm headphone jack present,16.0,256.0,,android v13,qualcomm snapdragon 8 gen 2 octa core processor,iqoo,iqoo 11s,0,43190,0.0,https://pricebaba.com/mobile/iqoo-11s,in stock,12.0,50.0,144
5000 mah battery with fast charging,5000,dual sim: nano + nano with volte support,16.51,Yes,side fingerprint sensor |face unlock|3.5 mm headphone jack present,5.0,128.0,385,android v12,mediatek dimensity 700 mt6833 octa core processor,samsung,samsung galaxy m13 5g 128gb,0,15999,0.0,https://pricebaba.com/mobile/samsung-galaxy-m13-5g-128gb,in stock,6.0,50.0,90
5000 mah battery,5000,dual sim: nano + nano with volte support,16.51,No,no fingerprint sensor |face unlock|no 3.5 mm headphone jack present,5.0,128.0,50,android v11,unisoc tiger t7510 octa core processor,leeco,leeco s1 pro,0,10999,0.0,https://pricebaba.com/mobile/leeco-s1-pro,in stock,8.0,13.0,60
"5000 mah battery with fast charging, charges upto 75% in 30 minutes",5000,dual sim: nano + nano with volte support,17.22,Yes,side fingerprint sensor |face unlock|3.5 mm headphone jack present,16.0,128.0,,android v13,mediatek helio g99 octa core processor,infinix,infinix note 30,0,17990,0.0,https://pricebaba.com/mobile/infinix-note-30,in stock,8.0,64.0,120
"6000 mah battery with fast charging, charges upto 100% in 35 minutes",6000,dual sim: nano + nano with volte support,17.27,Yes,on-screen fingerprint sensor |face unlock|3.5 mm headphone jack present,16.0,128.0,,android v13,qualcomm snapdragon 8 gen 2 octa core processor,nubia,nubia redmagic 8s pro,0,45390,0.0,https://pricebaba.com/mobile/nubia-redmagic-8s-pro,in stock,8.0,50.0,120
"6000 mah battery with flash charging, charges upto 70% in 34 minutes",6000,dual sim: nano + nano with volte support,16.87,Yes,side fingerprint sensor |face unlock|3.5 mm headphone jack present,8.0,128.0,,android v13,qualcomm snapdragon 695 octa core processor,iqoo,iqoo z7x,0,15690,0.0,https://pricebaba.com/mobile/iqoo-z7x,in stock,6.0,50.0,120
5000 mah battery with flash charging,5000,dual sim: nano + nano with volte support,16.87,Yes,side fingerprint sensor |face unlock|no 3.5 mm headphone jack present,16.0,256.0,,android v13,mediatek dimensity 6020 mt6833 octa core processor,vivo,vivo y36 5g,0,20999,0.0,https://pricebaba.com/mobile/vivo-y36-5g,in stock,8.0,50.0,90
7000 mah battery with fast charging,7000,dual sim: nano + nano with volte support,17.09,Yes,rear fingerprint sensor |face unlock|3.5 mm headphone jack present,32.0,128.0,,android v14,samsung exynos 2100 octa core processor,samsung,samsung galaxy m16,0,16990,0.0,https://pricebaba.com/mobile/samsung-galaxy-m16,in stock,8.0,64.0,120
4500 mah battery with flash charging,4500,dual sim: nano + nano with volte support,17.22,Yes,on-screen fingerprint sensor |face unlock|no 3.5 mm headphone jack present,16.0,128.0,,android v13,mediatek dimensity 7200 octa core processor,vivo,vivo s17e,0,24790,0.0,https://pricebaba.com/mobile/vivo-s17e,in stock,8.0,64.0,120
5000 mah battery with fast charging,5000,dual sim: nano + nano with volte support,16.87,Yes,side fingerprint sensor |face unlock|no 3.5 mm headphone jack present,8.0,128.0,,android v13,mediatek dimensity 6020 mt6833 octa core processor,vivo,vivo y27 5g,0,22390,0.0,https://pricebaba.com/mobile/vivo-y27-5g,in stock,6.0,50.0,60
5000 mah battery with fast charging,5000,dual sim: nano + nano with volte support,16.94,Yes,side fingerprint sensor |face unlock|3.5 mm headphone jack present,16.0,256.0,,android v13,qualcomm snapdragon 4 gen 1 octa core processor,xiaomi,xiaomi redmi note 12r pro,0,23690,0.0,https://pricebaba.com/mobile/xiaomi-redmi-note-12r-pro,in stock,12.0,48.0,120
6000 mah battery with fast charging,6000,dual sim: nano + nano with volte support,17.07,Yes,on-screen fingerprint sensor |face unlock|no 3.5 mm headphone jack present,32.0,256.0,,android v12,mediatek dimensity 920 mt6877t octa core processor,realme,realme realme 12,0,21990,0.0,https://pricebaba.com/mobile/realme-12,in stock,8.0,64.0,60
4400 mah battery with flash charging,4400,dual sim: nano + nano,17.12,Yes,side fingerprint sensor |face unlock|no 3.5 mm headphone jack present,32.0,256.0,,android v13,qualcomm snapdragon 8 plus gen 1 octa core processor,vivo,vivo x flip,0,71690,0.0,https://pricebaba.com/mobile/vivo-x-flip,in stock,12.0,50.0,120
"6000 mah battery with hyper charging, charges upto 100% in 42 minutes",6000,dual sim: nano + nano with volte support,17.22,Yes,on-screen fingerprint sensor |face unlock|3.5 mm headphone jack present,12.0,256.0,,android v12 upgradable to v14,qualcomm snapdragon 8 plus gen 1 octa core processor,asus,asus rog phone 6,0,71999,0.0,https://pricebaba.com/mobile/asus-rog-phone-6,in stock,12.0,50.0,165
"5000 mah battery with super vooc charging, charges upto 50% in 18 minutes",5000,dual sim: nano + nano with volte support,17.07,Yes,side fingerprint sensor |face unlock|3.5 mm headphone jack present,32.0,256.0,,android v13,qualcomm snapdragon 695 octa core processor,oppo,oppo a98,0,25790,0.0,https://pricebaba.com/mobile/oppo-a98,in stock,8.0,64.0,120
6000 mah battery with fast charging,6000,dual sim: nano + nano (hybrid) with volte support,16.51,Yes,on-screen fingerprint sensor |face unlock|no 3.5 mm headphone jack present,32.0,128.0,,android v13,samsung exynos 1280 octa core processor,samsung,samsung galaxy f34,0,16999,0.0,https://pricebaba.com/mobile/samsung-galaxy-f34,in stock,6.0,64.0,120
5000 mah battery with fast charging,5000,dual sim: nano + esim with volte support,15.49,Yes,side fingerprint sensor |face unlock|3.5 mm headphone jack present,8.0,128.0,,android v13,qualcomm snapdragon 695 octa core processor,sony,sony xperia 10 v,0,40490,0.0,https://pricebaba.com/mobile/sony-xperia-10-v,in stock,6.0,48.0,60
7000 mah battery with fast charging,7000,dual sim: nano + nano with volte support,17.32,Yes,on-screen fingerprint sensor |face unlock|no 3.5 mm headphone jack present,50.0,256.0,,android v13,qualcomm snapdragon 8 gen 1 octa core processor,samsung,samsung galaxy m56,0,34990,0.0,https://pricebaba.com/mobile/samsung-galaxy-m56,in stock,8.0,64.0,60
"4860 mah battery with fast charging, charges upto 100% in 41 minutes",4860,dual sim: nano + nano with volte support,17.09,Yes,on-screen fingerprint sensor |face unlock|no 3.5 mm headphone jack present,32.0,256.0,,android v12,qualcomm snapdragon 8 plus gen 1 octa core processor,xiaomi,xiaomi 12s ultra,0,70690,0.0,https://pricebaba.com/mobile/xiaomi-12s-ultra,in stock,8.0,50.0,120
6000 mah battery with fast charging,6000,dual sim: nano + nano with volte support,17.07,Yes,on-screen fingerprint sensor |face unlock|no 3.5 mm headphone jack present,64.0,256.0,,android v13,qualcomm snapdragon 732g octa core processor,xiaomi,xiaomi redmi note 15 pro max,0,21990,0.0,https://pricebaba.com/mobile/xiaomi-redmi-note-15-pro-max,in stock,12.0,108.0,60
"5000 mah battery with fast charging, charges upto 56% in 15 minutes",5000,dual sim: nano + nano with volte support,17.22,Yes,on-screen fingerprint sensor |face unlock|no 3.5 mm headphone jack present,50.0,256.0,,android v13,qualcomm snapdragon 8 plus gen 1 octa core processor,honor,honor 90 pro,0,38990,0.0,https://pricebaba.com/mobile/honor-90-pro,in stock,12.0,200.0,120
5000 mah battery with fast charging,5000,dual sim: nano + nano with volte support,16.76,Yes,side fingerprint sensor |face unlock|3.5 mm headphone jack present,16.0,128.0,,android v12,qualcomm snapdragon 695 octa core processor,motorola,motorola g71s,0,19790,0.0,https://pricebaba.com/mobile/motorola-g71s,in stock,8.0,50.0,120
"4500 mah battery with super vooc charging, charges upto 100% in 44 minutes",4500,dual sim: nano + nano with volte support,17.02,Yes,on-screen fingerprint sensor |face unlock|no 3.5 mm headphone jack present,32.0,256.0,,android v13,mediatek dimensity 8100 max mt6895z octa core processor,oppo,oppo reno9 pro,0,41140,0.0,https://pricebaba.com/mobile/oppo-reno9-pro,in stock,16.0,50.0,120
4800 mah battery with super charging,4800,dual sim: nano + nano (hybrid) with volte support,19.94,Yes,side fingerprint sensor |face unlock|no 3.5 mm headphone jack present,8.0,256.0,,harmonyos,qualcomm snapdragon 8 plus gen 1 octa core processor,huawei,huawei mate x3,0,156499,0.0,https://pricebaba.com/mobile/huawei-mate-x3,in stock,12.0,50.0,120
"4500 mah battery with turbo charging, charges upto 100% in 40 minutes",4500,dual sim: nano + nano with volte support,16.64,Yes,on-screen fingerprint sensor |face unlock|no 3.5 mm headphone jack present,32.0,128.0,,android v12,qualcomm snapdragon 7 gen 1 octa core processor,xiaomi,xiaomi 13 lite 5g,0,43790,0.0,https://pricebaba.com/mobile/xiaomi-13-lite-5g,in stock,8.0,50.0,120
"4810 mah battery with fast charging, charges upto 50% in 8 minutes",4810,dual sim: nano + nano with volte support,17.22,Yes,on-screen fingerprint sensor |face unlock|no 3.5 mm headphone jack present,32.0,256.0,,android v13,mediatek dimensity 9200 plus mt6985 octa core processor,vivo,vivo x90s,0,45390,0.0,https://pricebaba.com/mobile/vivo-x90s,in stock,8.0,50.0,120
5800 mah battery with fast charging,5800,dual sim: nano + nano with volte support,17.22,Yes,on-screen fingerprint sensor |face unlock|no 3.5 mm headphone jack present,8.0,128.0,,android v13,qualcomm snapdragon 6 gen 1 octa core processor,honor,honor x50,0,15890,0.0,https://pricebaba.com/mobile/honor-x50,in stock,8.0,108.0,120
6000 mah battery with fast charging,6000,dual sim: nano + nano with volte support,17.58,Yes,on-screen fingerprint sensor |face unlock|no 3.5 mm headphone jack present,64.0,256.0,,android v13,samsung exynos 2200 octa core processor,samsung,samsung galaxy s25 ultra,0,97990,0.0,https://pricebaba.com/mobile/samsung-galaxy-s25-ultra,in stock,12.0,108.0,60
5500 mah battery with super dart charging,5500,dual sim: nano + nano with volte support,17.07,Yes,on-screen fingerprint sensor |face unlock|no 3.5 mm headphone jack present,32.0,256.0,,android v13,qualcomm snapdragon 8 gen 2 octa core processor,realme,realme gt neo 6 se,0,35990,0.0,https://pricebaba.com/mobile/realme-gt-neo-6-se,in stock,8.0,108.0,144
4700 mah battery with fast charging,4700,dual sim: nano + nano with volte support,16.64,Yes,on-screen fingerprint sensor |face unlock|no 3.5 mm headphone jack present,32.0,128.0,,flyme os v10,qualcomm snapdragon 8 gen 2 octa core processor,meizu,meizu 20,0,35990,0.0,https://pricebaba.com/mobile/meizu-20,in stock,12.0,50.0,144
4815 mah battery with super charging,4815,dual sim: nano + nano (hybrid) with volte support,16.94,Yes,on-screen fingerprint sensor |face unlock|no 3.5 mm headphone jack present,13.0,128.0,,harmonyos,qualcomm snapdragon 8 plus gen 1 octa core processor,huawei,huawei p60,0,54090,0.0,https://pricebaba.com/mobile/huawei-p60,in stock,8.0,48.0,120
4500 mah battery with fast charging,4500,dual sim: nano + nano (hybrid) with volte support,16.26,Yes,on-screen fingerprint sensor |face unlock|3.5 mm headphone jack present,16.0,128.0,,android v13,qualcomm snapdragon 695 octa core processor,oppo,oppo reno9a,0,23790,0.0,https://pricebaba.com/mobile/oppo-reno9a,in stock,8.0,48.0,90
5000 mah battery with fast charging,5000,dual sim: nano + nano with volte support,17.09,Yes,side fingerprint sensor |face unlock|3.5 mm headphone jack present,32.0,128.0,,android v14,mediatek dimensity 6020 octa core processor,xiaomi,xiaomi redmi note 15,0,15990,0.0,https://pricebaba.com/mobile/xiaomi-redmi-note-15,in stock,8.0,64.0,120
5800 mah battery with fast charging,5800,dual sim: nano + nano with volte support,17.07,Yes,side fingerprint sensor |face unlock|no 3.5 mm headphone jack present,24.0,256.0,,android v13,qualcomm snapdragon 8 plus gen 1 octa core processor,xiaomi,xiaomi redmi k70,0,31990,0.0,https://pricebaba.com/mobile/xiaomi-redmi-k70,in stock,8.0,108.0,60
5000 mah battery with fast charging,5000,dual sim: nano + nano with volte support,16.94,Yes,side fingerprint sensor |face unlock|3.5 mm headphone jack present,16.0,128.0,,android v13,samsung exynos 1280 octa core processor,samsung,samsung galaxy a16,0,16990,0.0,https://pricebaba.com/mobile/samsung-galaxy-a16,in stock,4.0,50.0,60
5000 mah battery with super charging,5000,dual sim: nano + nano with volte support,17.27,Yes,side fingerprint sensor |face unlock|no 3.5 mm headphone jack present,16.0,128.0,20,,qualcomm snapdragon 680 octa core processor,huawei,huawei nova 11i,0,26190,0.0,https://pricebaba.com/mobile/huawei-nova-11i,in stock,8.0,48.0,90
5500 mah battery with fast charging,5500,dual sim: nano + nano with volte support,17.15,Yes,on-screen fingerprint sensor |face unlock|no 3.5 mm headphone jack present,50.0,256.0,,android v13,qualcomm snapdragon 8 gen 1 octa core processor,samsung,samsung galaxy a76,0,41990,0.0,https://pricebaba.com/mobile/samsung-galaxy-a76,in stock,12.0,108.0,60
"4600 mah battery with flash charging, charges upto 70% in 30 minutes",4600,dual sim: nano + nano with volte support,17.22,Yes,on-screen fingerprint sensor |face unlock|no 3.5 mm headphone jack present,50.0,512.0,,android v13,mediatek dimensity 8050 octa core processor,vivo,vivo s17t,0,34890,0.0,https://pricebaba.com/mobile/vivo-s17t,in stock,12.0,50.0,120
6000 mah battery with fast charging,6000,dual sim: nano + nano with volte support,17.15,Yes,side fingerprint sensor |face unlock|3.5 mm headphone jack present,8.0,128.0,20,harmonyos,octa core processor,huawei,huawei enjoy 60,0,15090,0.0,https://pricebaba.com/mobile/huawei-enjoy-60,in stock,8.0,48.0,60
1450 mah battery,1450,dual sim: nano + nano with volte support,4.57,No,3.5 mm headphone jack present,0.0,0.0,20,,,nokia,nokia 110 4g 2023,0,2499,0.0,https://pricebaba.com/mobile/nokia-110-4g-2023,in stock,0.0,0.08,60
5000 mah battery with fast charging,5000,dual sim: nano + nano (hybrid) with volte support,16.94,Yes,side fingerprint sensor |face unlock|3.5 mm headphone jack present,32.0,128.0,,android v14,mediatek dimensity 7200 octa core processor,lava,lava agni 3 5g,0,21990,0.0,https://pricebaba.com/mobile/lava-agni-3-5g,in stock,8.0,64.0,120
5500 mah battery with fast charging,5500,dual sim: nano + nano with volte support,17.07,Yes,side fingerprint sensor |face unlock|3.5 mm headphone jack present,50.0,128.0,,android v13,qualcomm snapdragon 730g octa core processor,xiaomi,xiaomi redmi note 14 pro max 5g,0,20490,0.0,https://pricebaba.com/mobile/xiaomi-redmi-note-14-pro-max-5g,in stock,8.0,108.0,60
"4520 mah battery with super vooc charging, charges upto 37% in 10 minutes",4520,dual sim: nano + nano with volte support,18.03,Yes,side fingerprint sensor |face unlock|no 3.5 mm headphone jack present,32.0,256.0,,android v12,qualcomm snapdragon 8 plus gen 1 octa core processor,oppo,oppo find n2 5g,0,94890,0.0,https://pricebaba.com/mobile/oppo-find-n2-5g,in stock,12.0,50.0,120
5100 mah battery with fast charging,5100,dual sim: nano + nano with volte support,16.94,Yes,on-screen fingerprint sensor |face unlock|no 3.5 mm headphone jack present,16.0,128.0,50,android v12,qualcomm snapdragon 695 octa core processor,honor,honor magic 5 lite,0,32790,0.0,https://pricebaba.com/mobile/honor-magic-5-lite,in stock,6.0,64.0,120
5000 mah battery with fast charging,5000,dual sim: nano + nano (hybrid) with volte support,16.54,Yes,side fingerprint sensor |face unlock|3.5 mm headphone jack present,5.0,128.0,,android v13,mediatek dimensity 6020 octa core processor,iqoo,iqoo z7i,0,11390,0.0,https://pricebaba.com/mobile/iqoo-z7i,in stock,4.0,13.0,60
5000 mah battery with fast charging,5000,dual sim: nano + nano (hybrid) with volte support,17.25,Yes,side fingerprint sensor |face unlock|3.5 mm headphone jack present,5.0,128.0,,android v13,qualcomm snapdragon 4 gen 2 octa core processor,xiaomi,xiaomi redmi note 12r,0,12590,0.0,https://pricebaba.com/mobile/xiaomi-redmi-note-12r,in stock,4.0,50.0,90
1450 mah battery,1450,single sim: nano with volte support,6.86,No,3.5 mm headphone jack present,0.0,4.0,,kai os,qualcomm snapdragon 215 quad core processor,nokia,nokia 2780 flip,0,7490,0.0,https://pricebaba.com/mobile/nokia-2780-flip,in stock,0.5,5.0,60
"4610 mah battery with fast charging, charges upto 100% in 19 minutes",4610,dual sim: nano + nano with volte support,17.02,Yes,on-screen fingerprint sensor |face unlock|no 3.5 mm headphone jack present,60.0,128.0,,android v12,qualcomm snapdragon 8 plus gen 1 octa core processor,motorola,motorola x30 pro,0,43690,0.0,https://pricebaba.com/mobile/motorola-x30-pro,in stock,8.0,200.0,144
5000 mah battery,5000,dual sim: nano + nano (hybrid) with volte support,16.51,No,side fingerprint sensor which unlocks in 0.192 seconds|face unlock|3.5 mm headphone jack present,8.0,128.0,,android v12,mediatek dimensity 700 mt6833 octa core processor,lava,lava blaze x1 5g,0,11999,0.0,https://pricebaba.com/mobile/lava-blaze-x1-5g,in stock,6.0,50.0,90
5100 mah battery with fast charging,5100,dual sim: nano + nano with volte support,17.15,Yes,on-screen fingerprint sensor |face unlock|no 3.5 mm headphone jack present,32.0,512.0,,android v13,mediatek dimensity 1300 mt6893z octa core processor,xiaomi,xiaomi redmi note 15 pro,0,25990,0.0,https://pricebaba.com/mobile/xiaomi-redmi-note-15-pro,in stock,12.0,108.0,60
5200 mah battery with super dart charging,5200,dual sim: nano + nano with volte support,17.12,Yes,on-screen fingerprint sensor |face unlock|no 3.5 mm headphone jack present,16.0,256.0,,android v13,qualcomm snapdragon 8 gen 2 octa core processor,realme,realme gt neo 6 pro,0,49999,0.0,https://pricebaba.com/mobile/realme-gt-neo-6-pro,in stock,8.0,108.0,144
4800 mah battery with fast charging,4800,dual sim: nano + nano with volte support,16.48,Yes,side fingerprint sensor |face unlock|3.5 mm headphone jack present,16.0,128.0,,android v12,qualcomm snapdragon 695 octa core processor,nokia,nokia xr21,0,51190,0.0,https://pricebaba.com/mobile/nokia-xr21,in stock,6.0,64.0,120
"5000 mah battery with super vooc charging, charges upto 54% in 30 minutes",5000,dual sim: nano + nano with volte support,16.33,Yes,on-screen fingerprint sensor |face unlock|3.5 mm headphone jack present,32.0,256.0,,android v13,mediatek helio g99 octa core processor,oppo,oppo reno8 t 4g,0,19999,0.0,https://pricebaba.com/mobile/oppo-reno8-t-4g,in stock,8.0,100.0,90
"6000 mah battery with fast charging, charges upto 50% in 21 minutes",6000,dual sim: nano + nano with volte support,17.22,Yes,side fingerprint sensor |face unlock|3.5 mm headphone jack present,8.0,256.0,,android v13,mediatek helio g99 octa core processor,tecno,tecno pova 5,0,13490,0.0,https://pricebaba.com/mobile/tecno-pova-5,in stock,8.0,50.0,120
7500 mah battery with fast charging,7500, with volte support,17.27,Yes,on-screen fingerprint sensor |face unlock|no 3.5 mm headphone jack present,44.0,256.0,,android v13,qualcomm snapdragon 8 gen 2 octa core processor,nokia,nokia c99,0,45990,0.0,https://pricebaba.com/mobile/nokia-c99,in stock,8.0,108.0,60
1450 mah battery,1450,dual sim: nano + nano with dual standby volte support,4.57,No,3.5 mm headphone jack present,0.0,0.0,,,unisoc t107,nokia,nokia 105 4g 2023,0,2390,0.0,https://pricebaba.com/mobile/nokia-105-4g-2023,in stock,0.0,0.0,60
"4800 mah battery with flash charging, charges upto 100% in 26 minutes",4800,dual sim: nano + nano with volte support,20.4,Yes,on-screen fingerprint sensor |face unlock|no 3.5 mm headphone jack present,16.0,256.0,,android v13,qualcomm snapdragon 8 gen 2 octa core processor,vivo,vivo x fold 2,0,107490,0.0,https://pricebaba.com/mobile/vivo-x-fold-2,in stock,12.0,50.0,120
5500 mah battery with fast charging,5500,dual sim: nano + nano with volte support,17.07,Yes,on-screen fingerprint sensor |face unlock|no 3.5 mm headphone jack present,64.0,256.0,,android v13,mediatek dimensity 9200 octa core processor,iqoo,iqoo neo 9,0,49990,0.0,https://pricebaba.com/mobile/iqoo-neo-9,in stock,12.0,108.0,60
4800 mah battery with fast charging,4800,dual sim: nano + nano with volte support,17.32,Yes,side fingerprint sensor |face unlock|no 3.5 mm headphone jack present,32.0,256.0,,android v13,qualcomm snapdragon 8 gen 2 octa core processor,black shark,black shark 6,0,49990,0.0,https://pricebaba.com/mobile/black-shark-6,in stock,12.0,50.0,165
5000 mah battery,5000,dual sim: nano + nano with volte support,17.27,No,rear fingerprint sensor |face unlock|3.5 mm headphone jack present,8.0,128.0,,android v12,mediatek helio g37 mt6765 octa core processor,blu,blu g72 max,0,8999,0.0,https://pricebaba.com/mobile/blu-g72-max,in stock,4.0,13.0,90
5500 mah battery with fast charging,5500,dual sim: nano + nano with volte support,17.4,Yes,on-screen fingerprint sensor |face unlock|no 3.5 mm headphone jack present,64.0,512.0,,android v13,mediatek dimensity 9200 octa core processor,tecno,tecno phantom x4,0,43990,0.0,https://pricebaba.com/mobile/tecno-phantom-x4,in stock,12.0,108.0,60
5100 mah battery with fast charging,5100,dual sim: nano + nano with volte support,17.32,Yes,on-screen fingerprint sensor |face unlock|no 3.5 mm headphone jack present,50.0,512.0,,android v13,samsung exynos 2200 octa core processor,samsung,samsung galaxy s25 plus,0,89990,0.0,https://pricebaba.com/mobile/samsung-galaxy-s25-plus,in stock,12.0,108.0,60
5100 mah battery with fast charging,5100,dual sim: nano + nano with volte support,17.32,Yes,on-screen fingerprint sensor |face unlock|no 3.5 mm headphone jack present,64.0,512.0,,android v13,qualcomm snapdragon 8 gen 2 octa core processor,motorola,motorola x60,0,52990,0.0,https://pricebaba.com/mobile/motorola-x60,in stock,12.0,64.0,60
5000 mah battery with fast charging,5000,dual sim: nano + nano with volte support,17.15,Yes,side fingerprint sensor |face unlock|3.5 mm headphone jack present,8.0,128.0,50,android v13,mediatek helio g37 octa core processor,tcl,tcl 40 xl,0,12290,0.0,https://pricebaba.com/mobile/tcl-40-xl,in stock,4.0,50.0,60
5000 mah battery with fast charging,5000,dual sim: nano + nano with volte support,16.66,Yes,side fingerprint sensor |face unlock|3.5 mm headphone jack present,8.0,64.0,,android v13,mediatek dimensity 700 mt6833 octa core processor,tcl,tcl 40 xe,0,13990,0.0,https://pricebaba.com/mobile/tcl-40-xe,in stock,4.0,13.0,90
5100 mah battery with fast charging,5100,dual sim: nano + nano with volte support,17.58,Yes,side fingerprint sensor |face unlock|no 3.5 mm headphone jack present,12.0,64.0,,android v13,mediatek helio g88 octa core processor,infinix,infinix note 14i,0,13990,0.0,https://pricebaba.com/mobile/infinix-note-14i,in stock,6.0,50.0,60
5180 mah battery with fast charging,5180,dual sim: nano + nano with volte support,15.24,Yes,side fingerprint sensor |3.5 mm headphone jack present,8.0,64.0,,android v12,mediatek helio g25 octa core processor,doogee,doogee s51,0,13290,0.0,https://pricebaba.com/mobile/doogee-s51,in stock,4.0,12.0,60
4700 mah battery with fast charging,4700,dual sim: nano + nano with volte support,17.15,Yes,no fingerprint sensor |face unlock|no 3.5 mm headphone jack present,12.0,128.0,,ios v16,apple a16 bionic hexa core processor,apple,apple iphone 16 plus,0,87990,0.0,https://pricebaba.com/mobile/apple-iphone-16-plus,in stock,6.0,12.0,60
5100 mah battery with fast charging,5100,dual sim: nano + nano with volte support,16.56,Yes,on-screen fingerprint sensor |face unlock|no 3.5 mm headphone jack present,50.0,512.0,,android v13,qualcomm snapdragon 8 gen 2 octa core processor,xiaomi,xiaomi 15,0,57990,0.0,https://pricebaba.com/mobile/xiaomi-15,in stock,12.0,64.0,60
5000 mah battery with fast charging,5000,dual sim: nano + nano (hybrid) with volte support,16.51,Yes,side fingerprint sensor |face unlock|3.5 mm headphone jack present,13.0,64.0,,android v13,qualcomm snapdragon 695 octa core processor,motorola,motorola g55,0,27999,0.0,https://pricebaba.com/mobile/motorola-g55,in stock,4.0,50.0,60
5080 mah battery with fast charging,5080,dual sim: nano + nano with volte support,16.51,Yes,side fingerprint sensor |face unlock|3.5 mm headphone jack present,8.0,64.0,,android v12,mediatek helio g35 mt6765 octa core processor,blackview,blackview a53 pro,0,11490,0.0,https://pricebaba.com/mobile/blackview-a53-pro,in stock,4.0,12.0,60
5000 mah battery with fast charging,5000,dual sim: mini + nano with volte support,18.08,Yes,side fingerprint sensor |face unlock|no 3.5 mm headphone jack present,50.0,512.0,,android v13,qualcomm snapdragon 8 gen 2 octa core processor,oppo,oppo find n4,0,98990,0.0,https://pricebaba.com/mobile/oppo-find-n4,in stock,16.0,64.0,60
5000 mah battery,5000,dual sim: nano + nano with volte support,16.76,No,side fingerprint sensor |face unlock|3.5 mm headphone jack present,5.0,32.0,,android v13,mediatek helio g25 octa core processor,tcl,tcl 406,0,8999,0.0,https://pricebaba.com/mobile/tcl-406,in stock,3.0,13.0,60
5000 mah battery,5000,dual sim: nano + nano with volte support,16.76,No,side fingerprint sensor |face unlock|3.5 mm headphone jack present,8.0,64.0,,android v12,mediatek helio a25 octa core processor,tcl,tcl 408,0,10490,0.0,https://pricebaba.com/mobile/tcl-408,in stock,4.0,50.0,60
5010 mah battery with fast charging,5010,dual sim: nano + nano with volte support,17.15,Yes,side fingerprint sensor |face unlock|3.5 mm headphone jack present,8.0,128.0,,android v13,mediatek helio g37 octa core processor,tcl,tcl 40 se,0,13990,0.0,https://pricebaba.com/mobile/tcl-40-se,in stock,4.0,50.0,90
5000 mah battery,5000,dual sim: nano + nano with volte support,16.56,No,side fingerprint sensor |face unlock|3.5 mm headphone jack present,5.0,32.0,,android v12,unisoc sc9863a octa core processor,htc,htc wildfire e3 lite,0,8990,0.0,https://pricebaba.com/mobile/htc-wildfire-e3-lite,in stock,3.0,13.0,60
"4500 mah battery with fast charging, charges upto 100% in 31 minutes",4500,dual sim: nano + nano with volte support,17.02,Yes,on-screen fingerprint sensor |face unlock|no 3.5 mm headphone jack present,60.0,256.0,,harmonyos,qualcomm snapdragon 778g octa core processor,huawei,huawei nova 11,0,29690,0.0,https://pricebaba.com/mobile/huawei-nova-11,in stock,8.0,50.0,120
5000 mah battery with fast charging,5000,dual sim: nano + nano with volte support,16.94,Yes,side fingerprint sensor |face unlock|3.5 mm headphone jack present,8.0,128.0,,android v14,mediatek helio g70 octa core processor,infinix,infinix hot 40i,0,11999,0.0,https://pricebaba.com/mobile/infinix-hot-40i,in stock,8.0,64.0,120
4600 mah battery with fast charging,4600,dual sim: nano + nano with volte support,16.94,Yes,side fingerprint sensor |face unlock|3.5 mm headphone jack present,16.0,128.0,,android v13,qualcomm snapdragon 778g octa core processor,nokia,nokia xr30,0,45990,0.0,https://pricebaba.com/mobile/nokia-xr30,in stock,6.0,64.0,60
4000 mah battery with fast charging,4000,single sim: nano with volte support,17.15,Yes,side fingerprint sensor |face unlock|no 3.5 mm headphone jack present,32.0,256.0,,android v13,mediatek dimensity 8050 octa core processor,tecno,tecno phantom v yoga,0,89990,0.0,https://pricebaba.com/mobile/tecno-phantom-v-yoga,in stock,8.0,64.0,60
4570 mah battery with fast charging,4570,dual sim: nano + nano with volte support,16.23,Yes,on-screen fingerprint sensor |face unlock|3.5 mm headphone jack present,8.0,256.0,,android v13,qualcomm snapdragon 8 gen 2 octa core processor,sharp,sharp aquos r8,0,34990,0.0,https://pricebaba.com/mobile/sharp-aquos-r8,in stock,8.0,50.3,240
5000 mah battery with flash charging,5000,dual sim: nano + nano with volte support,17.27,Yes,on-screen fingerprint sensor |face unlock|no 3.5 mm headphone jack present,32.0,256.0,,android v14,qualcomm snapdragon 8 gen 1 octa core processor,iqoo,iqoo neo 9 pro,0,43990,0.0,https://pricebaba.com/mobile/iqoo-neo-9-pro,in stock,12.0,108.0,144
5000 mah battery with fast charging,5000,dual sim: nano + nano with volte support,17.27,Yes,side fingerprint sensor |face unlock|3.5 mm headphone jack present,8.0,128.0,,android v14,qualcomm snapdragon 680 octa core processor,huawei,huawei enjoy 60 pro,0,17999,0.0,https://pricebaba.com/mobile/huawei-enjoy-60-pro,in stock,6.0,50.0,90
4000 mah battery with fast charging,4000,single sim: nano with volte support,17.02,Yes,side fingerprint sensor |face unlock|no 3.5 mm headphone jack present,10.0,128.0,,android v13,qualcomm snapdragon 8 gen 2 octa core processor,sony,sony xperia compact flip,0,114990,0.0,https://pricebaba.com/mobile/sony-xperia-compact-flip,in stock,8.0,12.0,120
5000 mah battery with fast charging,5000,dual sim: nano + nano with volte support,17.07,Yes,on-screen fingerprint sensor |face unlock|no 3.5 mm headphone jack present,32.0,128.0,,android v14,qualcomm snapdragon 8 gen 2 octa core processor,xiaomi,xiaomi redmi k70 ultra,0,49990,0.0,https://pricebaba.com/mobile/xiaomi-redmi-k70-ultra,in stock,8.0,200.0,144
5000 mah battery with fast charging,5000,dual sim: nano + nano with volte support,17.3,Yes,on-screen fingerprint sensor |face unlock|no 3.5 mm headphone jack present,32.0,128.0,,android v13,qualcomm snapdragon 8 gen 2 octa core processor,meizu,meizu 21,0,49990,0.0,https://pricebaba.com/mobile/meizu-21,in stock,12.0,50.0,120
4200 mah battery with rapid charging,4200,dual sim: nano + nano with volte support,17.53,No,side fingerprint sensor |face unlock|no 3.5 mm headphone jack present,32.0,256.0,,android v14,qualcomm snapdragon 8 gen 2 octa core processor,motorola,motorola razr 50 ultra,0,89990,0.0,https://pricebaba.com/mobile/motorola-razr-50-ultra,in stock,12.0,50.0,165
9600 mah battery with fast charging,9600,dual sim + nano (hybrid) with volte support,16.71,Yes,side fingerprint sensor which unlocks in 0.1 seconds|face unlock|3.5 mm headphone jack present,16.0,256.0,,android v13,mediatek helio g99 octa core processor,ulefone,ulefone armor 21,0,32990,0.0,https://pricebaba.com/mobile/ulefone-armor-21,in stock,8.0,64.0,120
4400 mah battery with fast charging,4400,dual sim: nano + nano (hybrid) with volte support,16.56,Yes,side fingerprint sensor which unlocks in 0.1 seconds|face unlock|3.5 mm headphone jack present,8.0,128.0,,android v13,unisoc t606 octa core processor,ulefone,ulefone note 16 pro,0,11540,0.0,https://pricebaba.com/mobile/ulefone-note-16-pro,in stock,4.0,50.0,60
5000 mah battery with fast charging,5000,dual sim: nano + nano with volte support,17.15,Yes,side fingerprint sensor |face unlock|3.5 mm headphone jack present,5.0,128.0,,android v12,unisoc t606 octa core processor,zte,zte blade a72s,0,14990,0.0,https://pricebaba.com/mobile/zte-blade-a72s,in stock,3.0,50.0,90
5000 mah battery with fast charging,5000,dual sim: nano + nano with volte support,16.51,Yes,side fingerprint sensor |face unlock|3.5 mm headphone jack present,8.0,128.0,,android v12,qualcomm snapdragon 480 plus octa core processor,honor,honor 70 lite,0,20290,0.0,https://pricebaba.com/mobile/honor-70-lite,in stock,4.0,50.0,90
5100 mah battery with fast charging,5100,dual sim: nano + nano with volte support,17.15,Yes,side fingerprint sensor |face unlock|no 3.5 mm headphone jack present,12.0,128.0,,android v13,mediatek dimensity 1000 plus mt6889z octa core processor,infinix,infinix hot 40,0,17990,0.0,https://pricebaba.com/mobile/infinix-hot-40,in stock,8.0,50.0,60
6000 mah battery with fast charging,6000,dual sim: nano + nano with volte support,16.51,Yes,side fingerprint sensor |face unlock|3.5 mm headphone jack present,13.0,64.0,,android v13,mediatek helio g88 octa core processor,samsung,samsung galaxy m06,0,11999,0.0,https://pricebaba.com/mobile/samsung-galaxy-m06,in stock,4.0,13.0,60
5500 mah battery with fast charging,5500,dual sim: mini + nano with volte support,17.32,Yes,on-screen fingerprint sensor |face unlock|no 3.5 mm headphone jack present,50.0,512.0,,android v13,qualcomm snapdragon 8 plus gen 1 octa core processor,xiaomi,xiaomi 15 pro,0,68990,0.0,https://pricebaba.com/mobile/xiaomi-15-pro,in stock,12.0,108.0,60
5000 mah battery with fast charging,5000,dual sim: nano + nano with volte support,16.94,Yes,on-screen fingerprint sensor |face unlock|no 3.5 mm headphone jack present,16.0,128.0,,android v13,qualcomm snapdragon 8 plus gen 1 octa core processor,xiaomi,xiaomi 14t pro,0,46999,0.0,https://pricebaba.com/mobile/xiaomi-14t-pro,in stock,8.0,108.0,60
6000 mah battery with fast charging,6000,dual sim: nano + nano with volte support,16.51,Yes,side fingerprint sensor |face unlock|3.5 mm headphone jack present,8.0,64.0,,android v13,mediatek helio g80 octa core processor,samsung,samsung galaxy m05,0,10990,0.0,https://pricebaba.com/mobile/samsung-galaxy-m05,in stock,4.0,13.0,60
6000 mah battery with fast charging,6000,dual sim: nano + nano with volte support,17.15,Yes,side fingerprint sensor |face unlock|no 3.5 mm headphone jack present,32.0,512.0,,android v13,qualcomm snapdragon 8 gen 2 octa core processor,xiaomi,xiaomi redmi k80,0,32990,0.0,https://pricebaba.com/mobile/xiaomi-redmi-k80,in stock,12.0,108.0,60
6000 mah battery with fast charging,6000,dual sim: nano + nano with volte support,16.81,Yes,side fingerprint sensor |face unlock|3.5 mm headphone jack present,12.0,256.0,,android v12,mediatek dimensity 720 mt6853v octa core processor,vivo,vivo y74t,0,16990,0.0,https://pricebaba.com/mobile/vivo-y74t,in stock,8.0,50.0,60
5000 mah battery with fast charging,5000,dual sim: nano + nano with volte support,17.09,Yes,on-screen fingerprint sensor |face unlock|no 3.5 mm headphone jack present,32.0,256.0,,android v14,qualcomm snapdragon 8 gen 2 octa core processor,oppo,oppo reno11 pro,0,47990,0.0,https://pricebaba.com/mobile/oppo-reno11-pro,in stock,16.0,200.0,120
4700 mah battery with fast charging,4700,dual sim: nano + esim with volte support,16.0,Yes,on-screen fingerprint sensor |face unlock|no 3.5 mm headphone jack present,13.0,128.0,,android v14,google tensor octa core processor,google,google pixel 9a,0,49990,0.0,https://pricebaba.com/mobile/google-pixel-9a,in stock,8.0,108.0,120
5000 mah battery with fast charging,5000,dual sim: nano + nano with volte support,17.22,Yes,on-screen fingerprint sensor |face unlock|no 3.5 mm headphone jack present,50.0,256.0,,android v13,qualcomm snapdragon 8 gen 2 octa core processor,motorola,motorola x50,0,49990,0.0,https://pricebaba.com/mobile/motorola-x50,in stock,12.0,50.0,165
4000 mah battery with fast charging,4000,dual sim: nano + nano with volte support,17.15,Yes,side fingerprint sensor |face unlock|no 3.5 mm headphone jack present,32.0,256.0,,android v13,mediatek dimensity 8050 mt6893 octa core processor,tecno,tecno phantom v flip,0,89990,0.0,https://pricebaba.com/mobile/tecno-phantom-v-flip,in stock,8.0,50.0,144
5000 mah battery with fast charging,5000,dual sim: nano + nano with volte support,16.94,Yes,side fingerprint sensor |3.5 mm headphone jack present,13.0,128.0,,android v13,unisoc t700 octa core processor,nubia,nubia neo,0,15990,0.0,https://pricebaba.com/mobile/nubia-neo,in stock,8.0,50.0,120
5000 mah battery with fast charging,5000,dual sim: nano + nano with volte support,18.54,Yes,side fingerprint sensor |face unlock|no 3.5 mm headphone jack present,16.0,256.0,,android v13,qualcomm snapdragon 8 plus gen 1 octa core processor,nubia,nubia z60 fold,0,48990,0.0,https://pricebaba.com/mobile/nubia-z60-fold,in stock,12.0,50.0,120
5000 mah battery with fast charging,5000,dual sim: nano + nano with volte support,16.76,Yes,on-screen fingerprint sensor |face unlock|3.5 mm headphone jack present,12.6,256.0,,android v13,qualcomm snapdragon 8 gen 2 octa core processor,sharp,sharp aquos r8 pro,0,45990,0.0,https://pricebaba.com/mobile/sharp-aquos-r8-pro,in stock,12.0,47.2,240
4800 mah battery with fast charging,4800,dual sim: nano + nano with volte support,16.66,Yes,on-screen fingerprint sensor |face unlock|no 3.5 mm headphone jack present,16.0,256.0,,android v13,qualcomm snapdragon 778g octa core processor,nokia,nokia x40 5g,0,50999,0.0,https://pricebaba.com/mobile/nokia-x40-5g,in stock,12.0,50.0,120
5000 mah battery with fast charging,5000,dual sim: nano + nano with volte support,16.66,Yes,side fingerprint sensor |face unlock|3.5 mm headphone jack present,8.0,64.0,,android v13,mediatek dimensity 700 mt6833 octa core processor,tcl,tcl 40 x,0,16690,0.0,https://pricebaba.com/mobile/tcl-40-x,in stock,4.0,50.0,90
5000 mah battery with fast charging,5000,dual sim: nano + nano (hybrid) with volte support,16.76,Yes,rear fingerprint sensor |face unlock|no 3.5 mm headphone jack present,8.0,128.0,,android v12,mediatek dimensity 930 mt6855 octa core processor,motorola,motorola defy 2,0,49590,0.0,https://pricebaba.com/mobile/motorola-defy-2,in stock,6.0,50.0,120
5000 mah battery with fast charging,5000,dual sim: nano + nano with volte support,16.71,Yes,rear fingerprint sensor |no 3.5 mm headphone jack present,8.0,128.0,,android v12,mediatek dimensity 930 mt6855 octa core processor,cat,cat s75,0,52480,0.0,https://pricebaba.com/mobile/cat-s75,in stock,6.0,50.0,120
7000 mah battery with fast charging,7000,dual sim + nano with volte support,17.65,Yes,side fingerprint sensor |face unlock|3.5 mm headphone jack present,12.0,128.0,,android v13,mediatek helio g99 octa core processor,tecno,tecno pova 6,0,19990,0.0,https://pricebaba.com/mobile/tecno-pova-6,in stock,6.0,64.0,60
5000 mah battery with fast charging,5000,dual sim: nano + nano with volte support,16.74,Yes,on-screen fingerprint sensor |face unlock|no 3.5 mm headphone jack present,60.0,128.0,,android v13,qualcomm snapdragon 8 gen 2 octa core processor,motorola,motorola x50 pro,0,39990,0.0,https://pricebaba.com/mobile/motorola-x50-pro,in stock,8.0,200.0,60
4500 mah battery with fast charging,4500,dual sim: nano + nano with volte support,16.76,Yes,side fingerprint sensor |face unlock|3.5 mm headphone jack present,16.0,128.0,,android v12,unisoc t616 octa core processor,zte,zte axon 40 lite,0,20990,0.0,https://pricebaba.com/mobile/zte-axon-40-lite,in stock,4.0,50.0,60
4500 mah battery with flash charging,4500,dual sim: nano + nano with volte support,16.71,Yes,side fingerprint sensor |face unlock|no 3.5 mm headphone jack present,32.0,128.0,,android v14,qualcomm snapdragon 7 gen 1 octa core processor,motorola,motorola edge 50 lite,0,29990,0.0,https://pricebaba.com/mobile/motorola-edge-50-lite,in stock,8.0,50.0,120
4500 mah battery with fast charging,4500,dual sim: nano + esim with volte support,19.38,Yes,side fingerprint sensor |face unlock|no 3.5 mm headphone jack present,10.0,256.0,,android v13,qualcomm snapdragon 8 gen 2 octa core processor,sony,sony xperia compact fold,0,154990,0.0,https://pricebaba.com/mobile/sony-xperia-compact-fold,in stock,12.0,50.0,120
5000 mah battery with fast charging,5000,dual sim: nano + nano with volte support,20.83,Yes,on-screen fingerprint sensor |face unlock|no 3.5 mm headphone jack present,32.0,256.0,,android v14,qualcomm snapdragon 8 gen 2 octa core processor,vivo,vivo x fold 3,0,114990,0.0,https://pricebaba.com/mobile/vivo-x-fold-3,in stock,12.0,108.0,144
5200 mah battery with fast charging,5200,dual sim: nano + nano with volte support,17.32,Yes,on-screen fingerprint sensor |face unlock|no 3.5 mm headphone jack present,50.0,256.0,,android v13,mediatek dimensity 9000 plus mt6893 octa core processor,tecno,tecno phantom x3,0,41990,0.0,https://pricebaba.com/mobile/tecno-phantom-x3,in stock,12.0,64.0,60
6000 mah battery with fast charging,6000,dual sim: nano + nano with volte support,16.51,Yes,side fingerprint sensor |face unlock|3.5 mm headphone jack present,50.0,64.0,,android v13,qualcomm snapdragon 680 octa core processor,samsung,samsung galaxy f46,0,12990,0.0,https://pricebaba.com/mobile/samsung-galaxy-f46,in stock,6.0,64.0,60
2800 mah battery,2800,dual sim: mini + micro,12.7,No,3.5 mm headphone jack present,3.2,8.0,,android v5.1 (lollipop),quad core processor,ringing bells,ringing bells smart 101,0,2999,0.0,https://pricebaba.com/mobile/ringing-bells-smart-101,in stock,1.0,8.0,60
4700 mah battery with super charging,4700,dual sim: nano + nano with volte support,17.07,Yes,on-screen fingerprint sensor |face unlock|no 3.5 mm headphone jack present,16.0,128.0,,android v14,mediatek dimensity 7200 octa core processor,honor,honor 70 se 5g,0,29990,0.0,https://pricebaba.com/mobile/honor-70-se-5g,in stock,8.0,50.0,60
3000 mah battery,3000,dual sim: nano + nano with volte support,15.24,No,no fingerprint sensor |face unlock|3.5 mm headphone jack present,5.0,32.0,,android v12,mediatek helio a22 quad core processor,tcl,tcl 403,0,7390,0.0,https://pricebaba.com/mobile/tcl-403,in stock,2.0,8.0,60
5200 mah battery,5200,dual sim: nano + nano with volte support,16.66,No,side fingerprint sensor |face unlock|3.5 mm headphone jack present,5.0,128.0,,android v13,qualcomm snapdragon 480 plus octa core processor,honor,honor play 40,0,16390,0.0,https://pricebaba.com/mobile/honor-play-40,in stock,6.0,13.0,90
4000 mah battery with fast charging,4000,single sim: nano with volte support,17.02,Yes,side fingerprint sensor |face unlock|no 3.5 mm headphone jack present,10.0,128.0,,android v13,google tensor octa core processor,google,google pixel flip,0,99990,0.0,https://pricebaba.com/mobile/google-pixel-flip,in stock,8.0,48.0,120
5000 mah battery with fast charging,5000,dual sim: nano + nano with volte support,17.02,Yes,on-screen fingerprint sensor |face unlock|3.5 mm headphone jack present,16.0,128.0,,android v13,qualcomm snapdragon 8 plus gen 1 octa core processor,iqoo,iqoo neo 7t,0,29999,0.0,https://pricebaba.com/mobile/iqoo-neo-7t,in stock,8.0,50.0,120
4600 mah battery with fast charging,4600,dual sim: nano + nano with volte support,17.02,Yes,side fingerprint sensor |face unlock|3.5 mm headphone jack present,32.0,128.0,,android v13,qualcomm snapdragon 7 gen 1 octa core processor,htc,htc u23,0,39990,0.0,https://pricebaba.com/mobile/htc-u23,in stock,8.0,64.0,120
"5100 mah battery with fast charging, charges upto 50% in 15 minutes",5100,dual sim: nano + nano with volte support,16.94,Yes,side fingerprint sensor |face unlock|3.5 mm headphone jack present,16.0,256.0,,android v11,mediatek dimensity 810 mt6833 octa core processor,zte,zte v70 2023,0,19990,0.0,https://pricebaba.com/mobile/zte-v70-2023,in stock,8.0,64.0,90
5000 mah battery with fast charging,5000,dual sim: nano + nano with volte support,16.71,Yes,side fingerprint sensor |face unlock|3.5 mm headphone jack present,8.0,64.0,,android v13,mediatek helio g88 octa core processor,oppo,oppo a58 4g,0,12999,0.0,https://pricebaba.com/mobile/oppo-a58-4g,in stock,4.0,50.0,90
5000 mah battery with fast charging,5000,dual sim: nano with volte support,16.94,Yes,on-screen fingerprint sensor |face unlock|no 3.5 mm headphone jack present,0.0,256.0,,android v13,qualcomm snapdragon 765g octa core processor,oneplus,oneplus nord 5 ce 5g,0,29990,0.0,https://pricebaba.com/mobile/oneplus-nord-5-ce-5g,in stock,8.0,108.0,60
5100 mah battery with fast charging,5100,dual sim: nano + nano with volte support,17.22,Yes,on-screen fingerprint sensor |face unlock|no 3.5 mm headphone jack present,16.0,256.0,,android v13,qualcomm snapdragon 8 gen 2 octa core processor,nubia,nubia z50s pro,0,42290,0.0,https://pricebaba.com/mobile/nubia-z50s-pro,in stock,12.0,50.0,120
4000 mah battery with fast charging,4000,dual sim: nano + nano (hybrid) with volte support,15.77,Yes,no fingerprint sensor |face unlock|3.5 mm headphone jack present,5.0,32.0,,android v12,mediatek mt6580 quad core processor,ulefone,ulefone note 15,0,7490,0.0,https://pricebaba.com/mobile/ulefone-note-15,in stock,2.0,8.0,60
5000 mah battery with super charging,5000,dual sim: nano + nano with volte support,20.12,Yes,side fingerprint sensor |face unlock|no 3.5 mm headphone jack present,16.0,256.0,,android v13,qualcomm snapdragon 8 gen 2 octa core processor,honor,honor magic v2,0,102999,0.0,https://pricebaba.com/mobile/honor-magic-v2,in stock,16.0,50.0,120
4020 mah battery,4020,dual sim: nano + nano with volte support,16.51,No,side fingerprint sensor |face unlock|3.5 mm headphone jack present,5.0,64.0,,android v12,mediatek helio g37 octa core processor,motorola,motorola e22,0,11190,0.0,https://pricebaba.com/mobile/motorola-e22,in stock,4.0,16.0,90
5000 mah battery with super vooc charging,5000,dual sim: nano + nano with volte support,17.27,Yes,on-screen fingerprint sensor |face unlock|no 3.5 mm headphone jack present,32.0,128.0,,android v13,qualcomm snapdragon 8 gen 1 octa core processor,oppo,oppo reno9 t,0,35999,0.0,https://pricebaba.com/mobile/oppo-reno9-t,in stock,8.0,108.0,120
4000 mah battery with fast charging,4000,dual sim: nano + nano with volte support,15.88,Yes,rear fingerprint sensor |3.5 mm headphone jack present,12.0,64.0,,android v12,mediatek helio p23 mt6763t octa core processor,oppo,oppo a80,0,24990,0.0,https://pricebaba.com/mobile/oppo-a80,in stock,4.0,24.0,60
6000 mah battery with fast charging,6000,dual sim: nano + nano with volte support,17.27,Yes,on-screen fingerprint sensor |face unlock|no 3.5 mm headphone jack present,32.0,512.0,,android v13,qualcomm snapdragon 8 gen 2 octa core processor,iqoo,iqoo 13 5g,0,64990,0.0,https://pricebaba.com/mobile/iqoo-13-5g,in stock,12.0,108.0,60
6000 mah battery with fast charging,6000,dual sim: nano + nano with volte support,16.89,Yes,side fingerprint sensor |face unlock|no 3.5 mm headphone jack present,24.0,256.0,,android v13,mediatek dimensity 1000 mt6889 octa core processor,motorola,motorola g74,0,29990,0.0,https://pricebaba.com/mobile/motorola-g74,in stock,12.0,64.0,60
6000 mah battery with fast charging,6000,dual sim: nano + nano with volte support,17.58,Yes,on-screen fingerprint sensor |face unlock|no 3.5 mm headphone jack present,50.0,512.0,,android v13,mediatek dimensity 9200 octa core processor,tecno,tecno phantom x4 pro,0,54990,0.0,https://pricebaba.com/mobile/tecno-phantom-x4-pro,in stock,16.0,108.0,60
5500 mah battery with fast charging,5500,dual sim: nano + nano with volte support,16.89,Yes,on-screen fingerprint sensor |face unlock|no 3.5 mm headphone jack present,24.0,512.0,,android v13,qualcomm snapdragon 8 plus gen 1 octa core processor,google,google pixel 9 pro,0,67990,0.0,https://pricebaba.com/mobile/google-pixel-9-pro,in stock,12.0,108.0,60
5000 mah battery with fast charging,5000,dual sim: nano + nano with volte support,17.27,Yes,on-screen fingerprint sensor |face unlock|no 3.5 mm headphone jack present,50.0,256.0,,android v2.0,mediatek dimensity 9000 plus mt6983 octa core processor,vivo,vivo x110 pro plus,0,59990,0.0,https://pricebaba.com/mobile/vivo-x110-pro-plus,in stock,12.0,64.0,60
6000 mah battery,6000,dual sim: nano + nano with volte support,16.94,No,no fingerprint sensor |face unlock|3.5 mm headphone jack present,12.0,64.0,,android v12,unisoc t612 octa core processor,motorola,motorola e15,0,8999,0.0,https://pricebaba.com/mobile/motorola-e15,in stock,4.0,16.0,60
5100 mah battery,5100,dual sim: nano + nano with volte support,16.69,No,no fingerprint sensor |face unlock|3.5 mm headphone jack present,8.0,32.0,,android v12,unisoc t610 octa core processor,motorola,motorola e14,0,7999,0.0,https://pricebaba.com/mobile/motorola-e14,in stock,3.0,16.0,60
5000 mah battery with fast charging,5000,dual sim: nano + nano with volte support,17.3,Yes,on-screen fingerprint sensor |face unlock|no 3.5 mm headphone jack present,50.0,512.0,,android v13,qualcomm snapdragon 8 gen 2 octa core processor,oppo,oppo reno11 pro plus,0,59990,0.0,https://pricebaba.com/mobile/oppo-reno11-pro-plus,in stock,12.0,64.0,60
5500 mah battery with fast charging,5500,dual sim: nano + nano with volte support,17.65,Yes,on-screen fingerprint sensor |face unlock|no 3.5 mm headphone jack present,50.0,512.0,,android v13,qualcomm snapdragon 8 gen 2 octa core processor,vivo,vivo x110 pro,0,56990,0.0,https://pricebaba.com/mobile/vivo-x110-pro,in stock,16.0,108.0,60
5000 mah battery,5000,dual sim: nano + nano with volte support,16.76,No,rear fingerprint sensor |face unlock|3.5 mm headphone jack present,5.0,64.0,,android v12,unisoc sc9863a1 octa core processor,tecno,tecno pop 7,0,8999,0.0,https://pricebaba.com/mobile/tecno-pop-7,in stock,2.0,8.0,60
5000 mah battery with fast charging,5000,dual sim: nano + nano with volte support,17.32,Yes,on-screen fingerprint sensor |face unlock|no 3.5 mm headphone jack present,6.0,256.0,,android v13,mediatek dimensity 9200 mt6985 octa core processor,vivo,vivo x90 plus,0,44990,0.0,https://pricebaba.com/mobile/vivo-x90-plus,in stock,12.0,64.0,120
5000 mah battery with fast charging,5000,dual sim: nano + nano with volte support,16.71,Yes,on-screen fingerprint sensor |face unlock|no 3.5 mm headphone jack present,32.0,128.0,,android v14,qualcomm snapdragon 8 gen 2 octa core processor,samsung,samsung galaxy s24 fe,0,59999,0.0,https://pricebaba.com/mobile/samsung-galaxy-s24-fe,in stock,8.0,108.0,60
4000 mah battery,4000,single sim: nano with volte support,16.56,No,side fingerprint sensor |face unlock|3.5 mm headphone jack present,8.0,32.0,20,android v12,qualcomm snapdragon 662 octa core processor,nokia,nokia c300,0,11490,0.0,https://pricebaba.com/mobile/nokia-c300,in stock,3.0,13.0,60
5000 mah battery with fast charging,5000,dual sim: nano + nano with volte support,17.27,Yes,on-screen fingerprint sensor |face unlock|no 3.5 mm headphone jack present,32.0,256.0,,android v14,qualcomm snapdragon 8 gen 2 octa core processor,black shark,black shark 7 pro,0,65990,0.0,https://pricebaba.com/mobile/black-shark-7-pro,in stock,16.0,200.0,165
5000 mah battery with fast charging,5000,dual sim: nano + nano with volte support,17.22,Yes,on-screen fingerprint sensor |face unlock|no 3.5 mm headphone jack present,60.0,256.0,,android v14,mediatek dimensity 8200 mt6896z octa core processor,xiaomi,xiaomi redmi note 15 pro plus,0,35990,0.0,https://pricebaba.com/mobile/xiaomi-redmi-note-15-pro-plus,in stock,8.0,200.0,165
1000 mah battery,1000,single sim: mini,4.57,No,3.5 mm headphone jack present,0.0,0.0,,,,nokia,nokia 106 2023,0,1999,0.0,https://pricebaba.com/mobile/nokia-106-2023,in stock,0.0,0.0,60
5000 mah battery with fast charging,5000,dual sim: nano + nano with volte support,16.51,Yes,side fingerprint sensor |face unlock|3.5 mm headphone jack present,16.0,128.0,,android v13,qualcomm snapdragon 480 plus octa core processor,nokia,nokia g310 5g,0,16999,0.0,https://pricebaba.com/mobile/nokia-g310-5g,in stock,8.0,50.0,90
5100 mah battery with fast charging,5100,dual sim: nano + nano with volte support,17.15,Yes,on-screen fingerprint sensor |face unlock|no 3.5 mm headphone jack present,50.0,256.0,,android v13,qualcomm snapdragon 8 gen 2 octa core processor,nothing,nothing phone 4,0,44990,0.0,https://pricebaba.com/mobile/nothing-phone-4,in stock,8.0,108.0,60
5000 mah battery,5000,dual sim: nano + nano with volte support,16.54,No,no fingerprint sensor |face unlock|3.5 mm headphone jack present,5.0,32.0,,android v12,mediatek helio p35 octa core processor,vivo,vivo y02a,0,8999,0.0,https://pricebaba.com/mobile/vivo-y02a,in stock,3.0,8.0,60
"5000 mah battery with super vooc charging, charges upto 100% in 69 minutes",5000,dual sim: nano + nano with volte support,16.66,Yes,side fingerprint sensor |face unlock|3.5 mm headphone jack present,8.0,64.0,50,android v12,mediatek helio g35 octa core processor,oppo,oppo a57s,0,13990,0.0,https://pricebaba.com/mobile/oppo-a57s,in stock,4.0,50.0,60
5000 mah battery with fast charging,5000,dual sim: nano + nano with volte support,17.53,Yes,on-screen fingerprint sensor |face unlock|3.5 mm headphone jack present,32.0,256.0,,android v13,qualcomm snapdragon 8 gen 2 octa core processor,nokia,nokia oxygen ultra 5g,0,59990,0.0,https://pricebaba.com/mobile/nokia-oxygen-ultra-5g,in stock,12.0,200.0,120
6000 mah battery with fast charging,6000,dual sim: nano + nano with volte support,17.4,Yes,on-screen fingerprint sensor |face unlock|3.5 mm headphone jack present,32.0,256.0,,android v13,mediatek dimensity 9000 plus mt6983 octa core processor,iqoo,iqoo neo 9 se,0,26990,0.0,https://pricebaba.com/mobile/iqoo-neo-9-se,in stock,12.0,64.0,60
6000 mah battery with super charging,6000,dual sim: nano + nano with volte support,17.12,Yes,side fingerprint sensor |face unlock|3.5 mm headphone jack present,5.0,128.0,,android v12,mediatek dimensity 6020 octa core processor,honor,honor play 7t,0,13190,0.0,https://pricebaba.com/mobile/honor-play-7t,in stock,8.0,50.0,90
5450 mah battery with fast charging,5450,dual sim: nano + nano with volte support,17.3,Yes,on-screen fingerprint sensor |face unlock|no 3.5 mm headphone jack present,12.0,512.0,,android v13,qualcomm snapdragon 8 gen 2 octa core processor,honor,honor magic 5 ultimate,0,79190,0.0,https://pricebaba.com/mobile/honor-magic-5-ultimate,in stock,16.0,50.0,120
5000 mah battery with fast charging,5000,dual sim: nano + nano with volte support,17.32,Yes,on-screen fingerprint sensor |face unlock|no 3.5 mm headphone jack present,32.0,256.0,,android v13,qualcomm snapdragon 8 gen 2 octa core processor,iqoo,iqoo 12 pro,0,69990,0.0,https://pricebaba.com/mobile/iqoo-12-pro,in stock,12.0,200.0,165
7000 mah battery with fast charging,7000,dual sim: nano + nano with volte support,17.65,Yes,side fingerprint sensor |face unlock|no 3.5 mm headphone jack present,8.0,128.0,,harmonyos,qualcomm snapdragon 680 octa core processor,huawei,huawei enjoy 60x,0,20790,0.0,https://pricebaba.com/mobile/huawei-enjoy-60x,in stock,8.0,50.0,90
5000 mah battery with quick charging v4.0,5000,dual sim: nano + nano with volte support,16.94,Yes,on-screen fingerprint sensor |face unlock|no 3.5 mm headphone jack present,32.0,256.0,,android v12,qualcomm snapdragon 8 plus gen 1 octa core processor,zte,zte axon 50 ultra,0,69990,0.0,https://pricebaba.com/mobile/zte-axon-50-ultra,in stock,12.0,64.0,144
5500 mah battery with fast charging,5500,single sim: nano with volte support,16.94,Yes,side fingerprint sensor |face unlock|3.5 mm headphone jack present,16.0,128.0,,android v13,mediatek helio g80 octa core processor,oneplus,oneplus nord n40 se,0,17990,0.0,https://pricebaba.com/mobile/oneplus-nord-n40-se,in stock,6.0,64.0,60
7000 mah battery with super charging,7000,dual sim: nano + nano with volte support,17.65,Yes,side fingerprint sensor |face unlock|no 3.5 mm headphone jack present,8.0,128.0,,emui v13.0,qualcomm snapdragon 680 octa core processor,huawei,huawei nova y91,0,23990,0.0,https://pricebaba.com/mobile/huawei-nova-y91,in stock,8.0,50.0,90
4000 mah battery with fast charging,4000,dual sim: nano + nano with volte support,17.09,Yes,side fingerprint sensor |face unlock|no 3.5 mm headphone jack present,10.7,128.0,,android v14,qualcomm snapdragon 778g octa core processor,huawei,huawei nova flip,0,59999,0.0,https://pricebaba.com/mobile/huawei-nova-flip,in stock,8.0,48.0,120
5100 mah battery with fast charging,5100,dual sim: nano + nano with volte support,16.38,Yes,rear fingerprint sensor |3.5 mm headphone jack present,24.0,128.0,,android v13,mediatek helio p60 octa core processor,vivo,vivo y18,0,21490,0.0,https://pricebaba.com/mobile/vivo-y18,in stock,6.0,48.0,60
4500 mah battery with fast charging,4500,dual sim: nano + esim with volte support,19.38,Yes,side fingerprint sensor |face unlock|no 3.5 mm headphone jack present,10.0,256.0,,android v13,qualcomm snapdragon 8 gen 2 octa core processor,samsung,samsung w24,0,159999,0.0,https://pricebaba.com/mobile/samsung-w24,in stock,12.0,50.0,120
6000 mah battery with fast charging,6000,dual sim: nano + nano with volte support,17.32,Yes,on-screen fingerprint sensor |face unlock|no 3.5 mm headphone jack present,64.0,256.0,,android v13,qualcomm snapdragon 8 gen 2 octa core processor,nothing,nothing phone 5,0,46990,0.0,https://pricebaba.com/mobile/nothing-phone-5,in stock,12.0,108.0,60
4000 mah battery,4000,dual sim: nano + nano with volte support,16.51,No,side fingerprint sensor |face unlock|3.5 mm headphone jack present,5.0,128.0,,android v12,unisoc t610 octa core processor,gionee,gionee f1 plus,0,13190,0.0,https://pricebaba.com/mobile/gionee-f1-plus,in stock,6.0,13.0,60
5000 mah battery with fast charging,5000,dual sim: nano + nano with volte support,17.15,Yes,side fingerprint sensor |face unlock|3.5 mm headphone jack present,64.0,256.0,,android v13,mediatek dimensity 700 mt6833 octa core processor,infinix,infinix zero 40,0,19990,0.0,https://pricebaba.com/mobile/infinix-zero-40,in stock,12.0,108.0,60
"5000 mah battery with super vooc charging, charges upto 76% in 30 minutes",5000,dual sim: nano + nano with volte support,16.33,Yes,on-screen fingerprint sensor |face unlock|3.5 mm headphone jack present,8.0,128.0,,android v13,qualcomm snapdragon 680 octa core processor,oppo,oppo a78 4g,0,18190,0.0,https://pricebaba.com/mobile/oppo-a78-4g,in stock,8.0,50.0,90
5000 mah battery with fast charging,5000,dual sim: nano + nano with volte support,16.66,Yes,side fingerprint sensor |face unlock|3.5 mm headphone jack present,8.0,128.0,,android v13,qualcomm snapdragon 480 plus octa core processor,motorola,motorola g42 5g,0,20690,0.0,https://pricebaba.com/mobile/motorola-g42-5g,in stock,4.0,50.0,90
5050 mah battery with fast charging,5050,dual sim: nano + nano (hybrid) with volte support,16.56,Yes,side fingerprint sensor |face unlock|3.5 mm headphone jack present,8.0,64.0,,android v12,unisoc t606 octa core processor,nokia,nokia g22,0,15690,0.0,https://pricebaba.com/mobile/nokia-g22,in stock,4.0,50.0,90
6000 mah battery with fast charging,6000,dual sim: nano + nano with volte support,17.22,Yes,on-screen fingerprint sensor |face unlock|3.5 mm headphone jack present,32.0,128.0,,android v13,qualcomm snapdragon 8 plus gen 1 octa core processor,nokia,nokia n95 5g,0,49990,0.0,https://pricebaba.com/mobile/nokia-n95-5g,in stock,8.0,50.0,120
6000 mah battery with fast charging,6000,dual sim: nano + nano with volte support,17.4,Yes,on-screen fingerprint sensor |face unlock|no 3.5 mm headphone jack present,64.0,256.0,,android v13,qualcomm snapdragon 8 plus gen 1 octa core processor,oppo,oppo reno10 t,0,37990,0.0,https://pricebaba.com/mobile/oppo-reno10-t,in stock,12.0,108.0,60
5000 mah battery with fast charging,5000,dual sim: nano + nano with volte support,16.81,Yes,no fingerprint sensor |face unlock|no 3.5 mm headphone jack present,16.0,256.0,,ios v16,apple a16 bionic hexa core processor,apple,apple iphone 17 pro max,0,98990,0.0,https://pricebaba.com/mobile/apple-iphone-17-pro-max,in stock,6.0,16.0,60
4700 mah battery with fast charging,4700,dual sim: nano + nano with volte support,17.07,Yes,side fingerprint sensor |face unlock|3.5 mm headphone jack present,64.0,256.0,,android v13,mediatek dimensity 700 mt6833 octa core processor,infinix,infinix zero 30,0,18990,0.0,https://pricebaba.com/mobile/infinix-zero-30,in stock,8.0,108.0,60
"4500 mah battery with super charging, charges upto 55% in 30 minutes",4500,dual sim: nano + nano with volte support,17.02,Yes,side fingerprint sensor |face unlock|no 3.5 mm headphone jack present,16.0,256.0,,android v13,mediatek dimensity 6020 mt6833 octa core processor,honor,honor 90 lite,0,26920,0.0,https://pricebaba.com/mobile/honor-90-lite,in stock,8.0,100.0,90
5000 mah battery with fast charging,5000,single sim: nano with volte support,16.51,Yes,side fingerprint sensor |face unlock|3.5 mm headphone jack present,8.0,64.0,,android v13,mediatek helio g85 octa core processor,motorola,motorola g stylus 2023,0,16390,0.0,https://pricebaba.com/mobile/motorola-g-stylus-2023,in stock,4.0,50.0,90
4700 mah battery with fast charging,4700,dual sim: nano + esim with volte support,15.75,Yes,no fingerprint sensor |face unlock|no 3.5 mm headphone jack present,12.0,128.0,,ios v16,apple a16 bionic hexa core processor,apple,apple iphone 17,0,81990,0.0,https://pricebaba.com/mobile/apple-iphone-17,in stock,6.0,12.0,60
"5000 mah battery with fast charging, charges upto 95% in 60 minutes",5000,dual sim: nano + nano with volte support,16.92,Yes,side fingerprint sensor |face unlock|3.5 mm headphone jack present,16.0,256.0,,android v13,mediatek helio g85 octa core processor,infinix,infinix note 30i,0,14990,0.0,https://pricebaba.com/mobile/infinix-note-30i,in stock,8.0,64.0,60
5100 mah battery with fast charging,5100,dual sim: nano + nano with volte support,17.15,Yes,on-screen fingerprint sensor |face unlock|no 3.5 mm headphone jack present,32.0,512.0,,android v13,qualcomm snapdragon 730g octa core processor,oppo,oppo a3 pro,0,23990,0.0,https://pricebaba.com/mobile/oppo-a3-pro,in stock,12.0,108.0,60
5100 mah battery with fast charging,5100,dual sim: nano + nano with volte support,16.99,Yes,on-screen fingerprint sensor |face unlock|no 3.5 mm headphone jack present,24.0,256.0,,android v13,qualcomm snapdragon 8 gen 2 octa core processor,xiaomi,xiaomi redmi k70 pro,0,41990,0.0,https://pricebaba.com/mobile/xiaomi-redmi-k70-pro,in stock,8.0,50.0,60
5000 mah battery with quick charging,5000,dual sim: nano + nano with volte support,16.76,Yes,side fingerprint sensor |face unlock|3.5 mm headphone jack present,8.0,128.0,,android v12,mediatek dimensity 810 mt6833 octa core processor,realme,realme realme 10t,0,16090,0.0,https://pricebaba.com/mobile/realme-10t,in stock,4.0,50.0,90
4600 mah battery,4600,dual sim: nano + nano with volte support,17.27,No,rear fingerprint sensor |face unlock|3.5 mm headphone jack present,8.0,128.0,,android v12,unisoc t606 octa core processor,htc,htc wildfire e2 play,0,9990,0.0,https://pricebaba.com/mobile/htc-wildfire-e2-play,in stock,8.0,48.0,60
7000 mah battery with fast charging,7000,dual sim: nano + nano with volte support,16.89,Yes,side fingerprint sensor |face unlock|3.5 mm headphone jack present,16.0,512.0,,android v12,mediatek dimensity 720 mt6853v octa core processor,vivo,vivo y75t,0,18990,0.0,https://pricebaba.com/mobile/vivo-y75t,in stock,8.0,50.0,60
5500 mah battery with fast charging,5500,dual sim: nano + nano with volte support,17.07,Yes,on-screen fingerprint sensor |face unlock|3.5 mm headphone jack present,32.0,128.0,,android v14,qualcomm snapdragon 8 plus gen 1 octa core processor,poco,poco f6 pro,0,40990,0.0,https://pricebaba.com/mobile/poco-f6-pro,in stock,8.0,108.0,144
6000 mah battery with fast charging,6000,dual sim: nano + nano with volte support,17.15,Yes,on-screen fingerprint sensor |face unlock|no 3.5 mm headphone jack present,24.0,256.0,,android v13,qualcomm snapdragon 888 plus octa core processor,poco,poco x7 pro,0,24990,0.0,https://pricebaba.com/mobile/poco-x7-pro,in stock,12.0,108.0,60
5100 mah battery with fast charging,5100,dual sim: nano + nano with volte support,16.81,Yes,side fingerprint sensor |face unlock|3.5 mm headphone jack present,12.0,64.0,,android v13,mediatek helio g70 octa core processor,oneplus,oneplus nord n30 se,0,16990,0.0,https://pricebaba.com/mobile/oneplus-nord-n30-se,in stock,6.0,50.0,60
4700 mah battery with fast charging,4700,dual sim: nano + nano with volte support,16.81,Yes,on-screen fingerprint sensor |face unlock|no 3.5 mm headphone jack present,50.0,256.0,,android v13,qualcomm snapdragon 8 gen 1 octa core processor,motorola,motorola s40 pro,0,27990,0.0,https://pricebaba.com/mobile/motorola-s40-pro,in stock,8.0,64.0,60
5000 mah battery with fast charging,5000,dual sim: nano + nano with volte support,17.07,Yes,on-screen fingerprint sensor |face unlock|no 3.5 mm headphone jack present,32.0,256.0,,android v13,qualcomm snapdragon 765g octa core processor,oneplus,oneplus nord ce 5 5g,0,29990,0.0,https://pricebaba.com/mobile/oneplus-nord-ce-5-5g,in stock,12.0,64.0,60
4000 mah battery,4000,dual sim: nano + nano with volte support,16.0,No,no fingerprint sensor |face unlock|3.5 mm headphone jack present,5.0,32.0,,android v12,unisoc sc9863a1 octa core processor,nokia,nokia c12 plus,0,7999,0.0,https://pricebaba.com/mobile/nokia-c12-plus,in stock,2.0,8.0,60
5000 mah battery with fast charging,5000,dual sim: nano + nano with volte support,16.76,Yes,on-screen fingerprint sensor |face unlock|no 3.5 mm headphone jack present,32.0,128.0,,android v13,qualcomm snapdragon 8 plus gen 1 octa core processor,lenovo,lenovo thinkphone,0,49990,0.0,https://pricebaba.com/mobile/lenovo-thinkphone,in stock,8.0,50.0,144
5000 mah battery with fast charging,5000,dual sim: nano + nano with volte support,20.83,Yes,on-screen fingerprint sensor |face unlock|no 3.5 mm headphone jack present,50.0,512.0,,android v14,qualcomm snapdragon 8 gen 2 octa core processor,xiaomi,xiaomi mix fold 4,0,119990,0.0,https://pricebaba.com/mobile/xiaomi-mix-fold-4,in stock,12.0,200.0,144
5000 mah battery with fast charging,5000,dual sim: nano + esim with volte support,16.51,Yes,side fingerprint sensor |face unlock|3.5 mm headphone jack present,8.0,128.0,,android v13,qualcomm snapdragon 480 plus octa core processor,motorola,motorola g 5g 2023,0,20490,0.0,https://pricebaba.com/mobile/motorola-g-5g-2023,in stock,4.0,48.0,120
5100 mah battery with fast charging,5100,dual sim: nano + nano with volte support,17.3,Yes,on-screen fingerprint sensor |face unlock|no 3.5 mm headphone jack present,64.0,256.0,,android v13,qualcomm snapdragon 888 plus octa core processor,vivo,vivo s18,0,33990,0.0,https://pricebaba.com/mobile/vivo-s18,in stock,12.0,108.0,60
5000 mah battery with fast charging,5000,dual sim: nano + nano with volte support,16.0,Yes,side fingerprint sensor |face unlock|no 3.5 mm headphone jack present,12.0,128.0,,android v13,qualcomm snapdragon 8 gen 2 octa core processor,sony,sony xperia 5 v,0,79990,0.0,https://pricebaba.com/mobile/sony-xperia-5-v,in stock,8.0,12.0,120
3900 mah battery,3900,dual sim: nano + nano with volte support,16.51,No,3.5 mm headphone jack present,5.0,128.0,,android,unisoc t610 octa core processor,gionee,gionee f3 pro,0,16790,0.0,https://pricebaba.com/mobile/gionee-f3-pro,in stock,8.0,21.0,60
5000 mah battery with fast charging,5000,dual sim: nano + nano with volte support,16.94,Yes,on-screen fingerprint sensor |face unlock|no 3.5 mm headphone jack present,32.0,256.0,,android v14,qualcomm snapdragon 8 gen 2 octa core processor,xiaomi,xiaomi 14 ultra,0,74990,0.0,https://pricebaba.com/mobile/xiaomi-14-ultra,in stock,12.0,200.0,144
3000 mah battery,3000,dual sim: nano + nano with volte support,16.0,No,no fingerprint sensor |face unlock|3.5 mm headphone jack present,5.0,32.0,,android v12,mediatek helio p22 octa core processor,nokia,nokia c110,0,8190,0.0,https://pricebaba.com/mobile/nokia-c110,in stock,3.0,13.0,60
5000 mah battery with fast charging,5000,single sim: nano with volte support,16.76,Yes,side fingerprint sensor |face unlock|3.5 mm headphone jack present,16.0,256.0,,android v13,qualcomm snapdragon 6 gen 1 octa core processor,motorola,motorola g stylus 5g 2023,0,33070,0.0,https://pricebaba.com/mobile/motorola-g-stylus-5g-2023,in stock,6.0,50.0,120
5000 mah battery with fast charging,5000,dual sim: nano + nano with volte support,20.83,Yes,on-screen fingerprint sensor |face unlock|no 3.5 mm headphone jack present,32.0,256.0,,android v14,qualcomm snapdragon 8 gen 2 octa core processor,vivo,vivo x fold 4,0,139990,0.0,https://pricebaba.com/mobile/vivo-x-fold-4,in stock,12.0,200.0,144
10800 mah battery with fast charging,10800,dual sim: nano + nano (hybrid) with volte support,16.71,Yes,side fingerprint sensor |face unlock|no 3.5 mm headphone jack present,32.0,256.0,,android v12,mediatek helio g99 octa core processor,doogee,doogee s100 pro,0,29999,0.0,https://pricebaba.com/mobile/doogee-s100-pro,in stock,8.0,108.0,60
6000 mah battery with fast charging,6000,dual sim: nano + nano with volte support,17.07,Yes,side fingerprint sensor |face unlock|no 3.5 mm headphone jack present,16.0,256.0,,android v13,mediatek dimensity 900 mt6877 octa core processor,realme,realme realme 12s,0,16990,0.0,https://pricebaba.com/mobile/realme-12s,in stock,8.0,64.0,60
6000 mah battery with fast charging,6000,dual sim: nano + nano with volte support,17.22,Yes,on-screen fingerprint sensor |face unlock|3.5 mm headphone jack present,12.0,256.0,,android v12,mediatek dimensity 9000 plus mt6983 octa core processor,asus,asus rog phone 6d,0,72490,0.0,https://pricebaba.com/mobile/asus-rog-phone-6d,in stock,16.0,50.0,165
"6000 mah battery with super charging, charges upto 50% in 24 minutes",6000,dual sim: nano + nano with volte support,16.92,Yes,side fingerprint sensor |face unlock|3.5 mm headphone jack present,8.0,256.0,,android v12,mediatek helio g99 octa core processor,tecno,tecno pova 4 pro,0,21890,0.0,https://pricebaba.com/mobile/tecno-pova-4-pro,in stock,8.0,50.0,90
5500 mah battery with fast charging,5500,dual sim: nano + nano with volte support,16.89,Yes,on-screen fingerprint sensor |face unlock|no 3.5 mm headphone jack present,50.0,128.0,,android v13,samsung exynos 1280 octa core processor,samsung,samsung galaxy a56,0,24990,0.0,https://pricebaba.com/mobile/samsung-galaxy-a56,in stock,8.0,64.0,60
5000 mah battery with super charging,5000,dual sim: nano + nano with volte support,16.94,Yes,on-screen fingerprint sensor |face unlock|3.5 mm headphone jack present,32.0,256.0,,android v13,mediatek helio g99 octa core processor,tecno,tecno camon 20 pro 4g,0,16990,0.0,https://pricebaba.com/mobile/tecno-camon-20-pro-4g,in stock,8.0,64.0,120
4000 mah battery with fast charging,4000,dual sim: nano + nano with volte support,17.02,Yes,side fingerprint sensor |face unlock|3.5 mm headphone jack present,8.0,128.0,,android v12,mediatek dimensity 6020 octa core processor,honor,honor play 7t pro,0,17890,0.0,https://pricebaba.com/mobile/honor-play-7t-pro,in stock,8.0,50.0,90
5000 mah battery,5000,dual sim: nano + nano with volte support,16.87,No,side fingerprint sensor |face unlock|3.5 mm headphone jack present,8.0,128.0,,android v13,mediatek dimensity 6020 octa core processor,vivo,vivo y35 plus,0,21290,0.0,https://pricebaba.com/mobile/vivo-y35-plus,in stock,6.0,50.0,60
6000 mah battery with fast charging,6000,dual sim: nano + nano with volte support,17.32,Yes,side fingerprint sensor |face unlock|3.5 mm headphone jack present,8.0,64.0,,android v13,mediatek helio g37 octa core processor,infinix,infinix hot 30 play,0,12999,0.0,https://pricebaba.com/mobile/infinix-hot-30-play,in stock,4.0,16.0,90
"5000 mah battery with fast charging, charges upto 100% in 14 minutes",5000,dual sim: nano + nano with volte support,17.27,Yes,on-screen fingerprint sensor |face unlock|3.5 mm headphone jack present,16.0,256.0,,android v13,qualcomm snapdragon 8 gen 2 octa core processor,nubia,nubia red magic 8s pro plus,0,62490,0.0,https://pricebaba.com/mobile/nubia-red-magic-8s-pro-plus,in stock,16.0,50.0,120
3700 mah battery with fast charging,3700,single sim: nano with volte support,17.02,Yes,side fingerprint sensor |face unlock|no 3.5 mm headphone jack present,10.0,128.0,,android v13,qualcomm snapdragon 8 gen 2 octa core processor,samsung,samsung w24 flip,0,99990,0.0,https://pricebaba.com/mobile/samsung-w24-flip,in stock,8.0,12.0,120
5000 mah battery with fast charging,5000,dual sim: nano + nano with volte support,16.94,Yes,side fingerprint sensor |face unlock|3.5 mm headphone jack present,8.0,128.0,,android v14,mediatek helio g99 octa core processor,tecno,tecno spark 11,0,11990,0.0,https://pricebaba.com/mobile/tecno-spark-11,in stock,8.0,50.0,120
5000 mah battery with fast charging,5000,single sim: nano with volte support,19.3,Yes,side fingerprint sensor |face unlock|no 3.5 mm headphone jack present,32.0,256.0,,android v13,qualcomm snapdragon 8 gen 2 octa core processor,nothing,nothing fold 1,0,89999,0.0,https://pricebaba.com/mobile/nothing-fold-1,in stock,12.0,50.0,120
5000 mah battery with flash charging,5000,dual sim: nano + nano with volte support,16.94,Yes,side fingerprint sensor |face unlock|3.5 mm headphone jack present,16.0,128.0,,android v14,mediatek dimensity 7200 octa core processor,iqoo,iqoo z8x,0,19990,0.0,https://pricebaba.com/mobile/iqoo-z8x,in stock,8.0,64.0,60
5100 mah battery with fast charging,5100,dual sim: nano + nano with volte support,17.09,Yes,on-screen fingerprint sensor |face unlock|no 3.5 mm headphone jack present,12.0,256.0,,android v13,qualcomm snapdragon 8 gen 2 octa core processor,honor,honor magic 5,0,78990,0.0,https://pricebaba.com/mobile/honor-magic-5,in stock,8.0,54.0,120
5000 mah battery,5000,single sim: nano with volte support,16.51,No,rear fingerprint sensor |face unlock|3.5 mm headphone jack present,5.0,32.0,,android v12,mediatek helio g37 octa core processor,motorola,motorola g play 2023,0,13990,0.0,https://pricebaba.com/mobile/motorola-g-play-2023,in stock,3.0,16.0,90
6000 mah battery with fast charging,6000,dual sim: nano + nano with volte support,17.07,Yes,on-screen fingerprint sensor |face unlock|no 3.5 mm headphone jack present,24.0,512.0,,android v13,qualcomm snapdragon 8 gen 1 octa core processor,oneplus,oneplus 13r,0,52990,0.0,https://pricebaba.com/mobile/oneplus-13r,in stock,12.0,108.0,60
5100 mah battery with fast charging,5100,dual sim: nano + nano with volte support,17.07,Yes,on-screen fingerprint sensor |face unlock|no 3.5 mm headphone jack present,50.0,512.0,,android v13,mediatek dimensity 9200 octa core processor,vivo,vivo s18 pro,0,52990,0.0,https://pricebaba.com/mobile/vivo-s18-pro,in stock,12.0,64.0,60
5500 mah battery with fast charging,5500,dual sim: nano + nano with volte support,17.32,Yes,on-screen fingerprint sensor |face unlock|no 3.5 mm headphone jack present,32.0,512.0,,android v13,mediatek dimensity 9000 plus octa core processor,tecno,tecno phantom x3 pro,0,52990,0.0,https://pricebaba.com/mobile/tecno-phantom-x3-pro,in stock,12.0,64.0,60
5000 mah battery,5000,single sim: nano with volte support,16.51,No,side fingerprint sensor |face unlock|3.5 mm headphone jack present,16.0,256.0,,android v13,mediatek dimensity 930 mt6855 octa core processor,motorola,motorola g power 5g,0,24590,0.0,https://pricebaba.com/mobile/motorola-g-power-5g,in stock,6.0,50.0,120
4500 mah battery,4500,dual sim: nano + nano with volte support,16.54,No,face unlock|3.5 mm headphone jack present,5.0,64.0,,android v12,mediatek helio g85 octa core processor,coolpad,coolpad cool 30,0,7990,0.0,https://pricebaba.com/mobile/coolpad-cool-30,in stock,4.0,48.0,60
5000 mah battery,5000,dual sim: nano + nano with volte support,16.54,No,no fingerprint sensor |face unlock|3.5 mm headphone jack present,13.0,128.0,,android v13,unisoc t770 octa core processor,nubia,nubia n5,0,17490,0.0,https://pricebaba.com/mobile/nubia-n5,in stock,4.0,50.0,90
"5000 mah battery with super vooc charging, charges upto 100% in 30 minutes",5000,dual sim: nano + nano with volte support,17.32,Yes,on-screen fingerprint sensor |face unlock|no 3.5 mm headphone jack present,32.0,256.0,,android v13,qualcomm snapdragon 8 gen 2 octa core processor,oppo,oppo find x6 pro,0,72190,0.0,https://pricebaba.com/mobile/oppo-find-x6-pro,in stock,12.0,50.0,120
4300 mah battery with fast charging,4300,dual sim: nano + nano with volte support,14.99,Yes,side fingerprint sensor |face unlock|3.5 mm headphone jack present,32.0,256.0,,android v13,qualcomm snapdragon 8 gen 2 octa core processor,asus,asus zenfone 10,0,71390,0.0,https://pricebaba.com/mobile/asus-zenfone-10,in stock,8.0,50.0,144
"5000 mah battery with fast charging, charges upto 80% in 30 minutes",5000,dual sim: nano + nano with volte support,17.22,Yes,side fingerprint sensor |face unlock|3.5 mm headphone jack present,16.0,128.0,,android v13,mediatek helio g99 octa core processor,infinix,infinix note 30 pro,0,19990,0.0,https://pricebaba.com/mobile/infinix-note-30-pro,in stock,8.0,108.0,120
5500 mah battery with super flash charging,5500,dual sim: nano + nano with volte support,17.12,Yes,on-screen fingerprint sensor |face unlock|no 3.5 mm headphone jack present,16.0,256.0,,android v13,qualcomm snapdragon 7 plus gen 2 octa core processor,realme,realme gt neo 5 se,0,23990,0.0,https://pricebaba.com/mobile/realme-gt-neo-5-se,in stock,8.0,64.0,144
"5000 mah battery with super vooc charging, charges upto 100% in 16 minutes",5000,dual sim: nano + nano with volte support,17.12,Yes,on-screen fingerprint sensor |face unlock|no 3.5 mm headphone jack present,16.0,256.0,,android v13,qualcomm snapdragon 8 plus gen 1 octa core processor,realme,realme gt neo 5 5g,0,31690,0.0,https://pricebaba.com/mobile/realme-gt-neo-5-5g,in stock,8.0,50.0,144
"5000 mah battery with fast charging, charges upto 50% in 29 minutes",5000,dual sim: nano + nano with volte support,16.33,Yes,on-screen fingerprint sensor |face unlock|3.5 mm headphone jack present,8.0,128.0,,android v13,mediatek dimensity 6020 octa core processor,realme,realme 11,0,18990,0.0,https://pricebaba.com/mobile/realme-11,in stock,8.0,64.0,90
"5500 mah battery with fast charging, charges upto 50% in 15 minutes",5500,dual sim: nano + nano with volte support,16.94,Yes,side fingerprint sensor |face unlock|3.5 mm headphone jack present,16.0,256.0,,android v13,qualcomm snapdragon 7 plus gen 2 octa core processor,xiaomi,xiaomi redmi note 12 turbo,0,23990,0.0,https://pricebaba.com/mobile/xiaomi-redmi-note-12-turbo,in stock,8.0,64.0,120
"4600 mah battery with flash charging, charges upto 50% in 19 minutes",4600,dual sim: nano + nano with volte support,17.22,Yes,on-screen fingerprint sensor |face unlock|no 3.5 mm headphone jack present,50.0,128.0,,android v13,qualcomm snapdragon 870 octa core processor,vivo,vivo s16,0,29690,0.0,https://pricebaba.com/mobile/vivo-s16,in stock,8.0,64.0,120
5000 mah battery with flash charging,5000,dual sim: nano + nano with volte support,17.22,Yes,on-screen fingerprint sensor |face unlock|no 3.5 mm headphone jack present,8.0,128.0,,android v13,qualcomm snapdragon 695 octa core processor,vivo,vivo y78 plus,0,19090,0.0,https://pricebaba.com/mobile/vivo-y78-plus,in stock,8.0,50.0,120
5000 mah battery with super vooc charging,5000,dual sim: nano + nano (hybrid) with volte support,17.02,Yes,on-screen fingerprint sensor |face unlock|no 3.5 mm headphone jack present,16.0,128.0,,android v13,qualcomm snapdragon 782g octa core processor,oneplus,oneplus nord ce 3 5g,0,26999,0.0,https://pricebaba.com/mobile/oneplus-nord-ce-3-5g,in stock,8.0,50.0,120
5000 mah battery with fast charging,5000,dual sim: nano + nano with volte support,16.51,Yes,side fingerprint sensor |face unlock|3.5 mm headphone jack present,13.0,128.0,,android v13,mediatek helio g99 octa core processor,samsung,samsung galaxy a24,0,18090,0.0,https://pricebaba.com/mobile/samsung-galaxy-a24,in stock,6.0,50.0,90
5500 mah battery with flash charging,5500,dual sim: nano + nano with volte support,16.94,Yes,on-screen fingerprint sensor |face unlock|no 3.5 mm headphone jack present,16.0,128.0,,android v13,qualcomm snapdragon 8 plus gen 1 octa core processor,xiaomi,xiaomi redmi k60,0,29790,0.0,https://pricebaba.com/mobile/xiaomi-redmi-k60,in stock,8.0,64.0,120
"5000 mah battery with super flash charging, charges upto 80% in 33 minutes",5000,dual sim: nano + nano (hybrid) with volte support,17.07,Yes,side fingerprint sensor |face unlock|3.5 mm headphone jack present,16.0,128.0,,android v13,qualcomm snapdragon 695 octa core processor,oppo,oppo k11x,0,17590,0.0,https://pricebaba.com/mobile/oppo-k11x,in stock,8.0,108.0,120
5000 mah battery with flash charging,5000,dual sim: nano + nano with volte support,16.87,Yes,side fingerprint sensor |face unlock|3.5 mm headphone jack present,8.0,128.0,,android v13,mediatek dimensity 7020 octa core processor,vivo,vivo y78 5g,0,16590,0.0,https://pricebaba.com/mobile/vivo-y78-5g,in stock,8.0,50.0,120
"5000 mah battery with flash charging, charges upto 50% in 9 minutes",5000,dual sim: nano + nano with volte support,17.22,Yes,on-screen fingerprint sensor |face unlock|no 3.5 mm headphone jack present,16.0,256.0,,android v13,qualcomm snapdragon 8 plus gen 1 octa core processor,iqoo,iqoo neo 8,0,29390,0.0,https://pricebaba.com/mobile/iqoo-neo-8,in stock,12.0,50.0,144
"4600 mah battery with turbo power charging, charges upto 100% in 23 minutes",4600,dual sim: nano + nano,16.94,Yes,on-screen fingerprint sensor |face unlock|no 3.5 mm headphone jack present,60.0,256.0,50,android v13,qualcomm snapdragon 8 gen 2 octa core processor,motorola,motorola edge 40 pro 5g,0,80930,0.0,https://pricebaba.com/mobile/motorola-edge-40-pro-5g,in stock,12.0,50.0,165
"5000 mah battery with quick charging v4.0, charges upto 100% in 35 minutes",5000,dual sim: nano + nano with volte support,17.09,Yes,on-screen fingerprint sensor |face unlock|no 3.5 mm headphone jack present,32.0,256.0,,android v13,qualcomm snapdragon 8 gen 2 octa core processor,xiaomi,xiaomi mi 13 ultra,0,71590,0.0,https://pricebaba.com/mobile/xiaomi-mi-13-ultra,in stock,12.0,50.0,120
6000 mah battery with fast charging,6000,dual sim: nano + nano (hybrid) with volte support,17.02,Yes,side fingerprint sensor |face unlock|no 3.5 mm headphone jack present,32.0,128.0,,android v13,samsung exynos 1380 octa core processor,samsung,samsung galaxy m54,0,37999,0.0,https://pricebaba.com/mobile/samsung-galaxy-m54,in stock,8.0,108.0,120
"5000 mah battery with fast charging, charges upto 50% in 30 minutes",5000,dual sim: nano + esim with volte support,16.51,Yes,side fingerprint sensor |face unlock|3.5 mm headphone jack present,12.0,256.0,,android v13,qualcomm snapdragon 8 gen 2 octa core processor,sony,sony xperia 1 v,0,114790,0.0,https://pricebaba.com/mobile/sony-xperia-1-v,in stock,12.0,48.0,120
"4500 mah battery with super vooc charging, charges upto 100% in 44 minutes",4500,dual sim: nano + nano with volte support,17.02,Yes,on-screen fingerprint sensor |face unlock|no 3.5 mm headphone jack present,32.0,256.0,,android v13,qualcomm snapdragon 778g octa core processor,oppo,oppo reno9,0,28590,0.0,https://pricebaba.com/mobile/oppo-reno9,in stock,8.0,64.0,120
"4600 mah battery with turbo power charging, charges upto 50% in 7 minutes",4600,dual sim: nano + nano with volte support,16.94,Yes,on-screen fingerprint sensor |face unlock|no 3.5 mm headphone jack present,60.0,128.0,,android v13,qualcomm snapdragon 8 gen 2 octa core processor,motorola,motorola x40,0,40390,0.0,https://pricebaba.com/mobile/motorola-x40,in stock,8.0,50.0,165
5080 mah battery with fast charging,5080,dual sim: nano + nano with volte support,16.76,Yes,side fingerprint sensor |face unlock|3.5 mm headphone jack present,16.0,128.0,,android v13,mediatek dimensity 8200 mt6896z octa core processor,xiaomi,xiaomi redmi note 12t pro,0,18690,0.0,https://pricebaba.com/mobile/xiaomi-redmi-note-12t-pro,in stock,8.0,64.0,144
"6000 mah battery with quick charging v5.0, charges upto 100% in 42 minutes",6000,dual sim: nano + nano with volte support,17.22,Yes,on-screen fingerprint sensor |face unlock|3.5 mm headphone jack present,32.0,512.0,,android v13,qualcomm snapdragon 8 gen 2 octa core processor,asus,asus rog phone 7 ultimate,0,99999,0.0,https://pricebaba.com/mobile/asus-rog-phone-7-ultimate,in stock,16.0,50.0,165
"4600 mah battery with flash charging, charges upto 70% in 30 minutes",4600,dual sim: nano + nano with volte support,17.22,Yes,on-screen fingerprint sensor |face unlock|no 3.5 mm headphone jack present,50.0,256.0,,android v13,qualcomm snapdragon 778g plus octa core processor,vivo,vivo s17,0,29060,0.0,https://pricebaba.com/mobile/vivo-s17,in stock,8.0,50.0,120
4200 mah battery with turbo power charging,4200,dual sim: nano + esim with volte support,17.53,Yes,side fingerprint sensor |face unlock|no 3.5 mm headphone jack present,32.0,256.0,,android v13,qualcomm snapdragon 7 gen 1 octa core processor,motorola,motorola razr 40,0,59999,0.0,https://pricebaba.com/mobile/motorola-razr-40,in stock,8.0,64.0,144
"4500 mah battery with fast charging, charges upto 100% in 38 minutes",4500,dual sim: nano + nano with volte support,16.15,Yes,on-screen fingerprint sensor |face unlock|no 3.5 mm headphone jack present,32.0,256.0,,android v13,qualcomm snapdragon 8 gen 2 octa core processor,xiaomi,xiaomi 13,0,47390,0.0,https://pricebaba.com/mobile/xiaomi-13,in stock,8.0,50.0,120
6000 mah battery with fast charging,6000,dual sim: nano + nano with volte support,16.76,Yes,side fingerprint sensor |face unlock|3.5 mm headphone jack present,8.0,128.0,385,android v12,samsung exynos 850 octa core processor,samsung,samsung galaxy m13 128gb,0,13999,0.0,https://pricebaba.com/mobile/samsung-galaxy-m13-128gb,in stock,6.0,50.0,60
"5160 mah battery with turbo charging, charges upto 50% in 15 minutes",5160,dual sim: nano + nano with volte support,16.94,Yes,on-screen fingerprint sensor which unlocks in 0.2 seconds|face unlock|no 3.5 mm headphone jack present,16.0,256.0,,android v13,qualcomm snapdragon 8 plus gen 1 octa core processor,poco,poco f5 pro,0,36890,0.0,https://pricebaba.com/mobile/poco-f5-pro,in stock,8.0,64.0,120
"5000 mah battery with fast charging, charges upto 50% in 30 minutes",5000,dual sim: nano + nano with volte support,16.76,Yes,side fingerprint sensor |face unlock|3.5 mm headphone jack present,8.0,128.0,,android v12,mediatek dimensity 700 mt6833 octa core processor,realme,realme 10 5g,0,14790,0.0,https://pricebaba.com/mobile/realme-10-5g,in stock,8.0,50.0,90
"4700 mah battery with fast charging, charges upto 100% in 33 minutes",4700,dual sim: nano + nano with volte support,17.22,Yes,on-screen fingerprint sensor |face unlock|no 3.5 mm headphone jack present,32.0,256.0,,android v13,qualcomm snapdragon 8 gen 2 octa core processor,vivo,vivo x90 pro plus,0,74390,0.0,https://pricebaba.com/mobile/vivo-x90-pro-plus,in stock,12.0,50.0,120
5000 mah battery with super flash charging,5000,dual sim: nano + nano with volte support,17.07,Yes,side fingerprint sensor |face unlock|3.5 mm headphone jack present,8.0,256.0,,android v13,qualcomm snapdragon 695 octa core processor,oppo,oppo a1 5g,0,25190,0.0,https://pricebaba.com/mobile/oppo-a1-5g,in stock,8.0,50.0,120
3800 mah battery with turbo power charging,3800,dual sim: nano + esim with volte support,17.53,Yes,side fingerprint sensor |face unlock|no 3.5 mm headphone jack present,32.0,256.0,,android v13,qualcomm snapdragon 8 plus gen 1 octa core processor,motorola,motorola razr plus 2023,0,79990,0.0,https://pricebaba.com/mobile/motorola-razr-plus-2023,in stock,8.0,12.0,165
4600 mah battery with fast charging,4600,dual sim: nano + nano with volte support,17.02,Yes,side fingerprint sensor |face unlock|3.5 mm headphone jack present,32.0,256.0,,android v13,qualcomm snapdragon 7 gen 1 octa core processor,htc,htc u23 pro,0,45590,0.0,https://pricebaba.com/mobile/htc-u23-pro,in stock,8.0,108.0,120
3020 mah battery,3020,dual sim with volte support,12.7,No,no fingerprint sensor |face unlock|3.5 mm headphone jack present,0.3,32.0,50,android v12,unisoc sc9832e quad core processor,itel,itel a24 pro,0,4690,0.0,https://pricebaba.com/mobile/itel-a24-pro,in stock,2.0,2.0,60
5000 mah battery with fast charging,5000,dual sim: nano + esim with volte support,17.53,Yes,no fingerprint sensor |face unlock|no 3.5 mm headphone jack present,32.0,512.0,,ios v16,apple a16 bionic hexa core processor,apple,apple iphone 18 pro max,0,169990,0.0,https://pricebaba.com/mobile/apple-iphone-18-pro-max,in stock,12.0,200.0,165
5400 mah battery with fast charging,5400,dual sim: nano + nano with volte support,17.15,Yes,on-screen fingerprint sensor |face unlock|no 3.5 mm headphone jack present,24.0,256.0,,android v13,mediatek dimensity 9000 mt6983 octa core processor,iqoo,iqoo neo 8 se,0,24990,0.0,https://pricebaba.com/mobile/iqoo-neo-8-se,in stock,8.0,64.0,60
5000 mah battery with fast charging,5000,dual sim: nano + nano with volte support,17.07,Yes,on-screen fingerprint sensor |face unlock|no 3.5 mm headphone jack present,24.0,256.0,,android v13,mediatek dimensity 1200 mt6893 octa core processor,xiaomi,xiaomi redmi note 14 pro,0,23990,0.0,https://pricebaba.com/mobile/xiaomi-redmi-note-14-pro,in stock,12.0,108.0,60
5100 mah battery with fast charging,5100,dual sim: nano + nano with volte support,16.94,Yes,on-screen fingerprint sensor |face unlock|3.5 mm headphone jack present,32.0,128.0,,android v13,qualcomm snapdragon 8 gen 2 octa core processor,xiaomi,xiaomi redmi k60 ultra,0,41990,0.0,https://pricebaba.com/mobile/xiaomi-redmi-k60-ultra,in stock,8.0,108.0,60
5000 mah battery with turbo power charging,5000,dual sim: nano + nano with volte support,16.51,Yes,side fingerprint sensor |face unlock|3.5 mm headphone jack present,16.0,128.0,50,android v13,mediatek helio g85 octa core processor,motorola,motorola g23,0,20490,0.0,https://pricebaba.com/mobile/motorola-g23,in stock,8.0,50.0,90
5000 mah battery,5000,dual sim: nano + nano with volte support,16.54,No,side fingerprint sensor |face unlock|3.5 mm headphone jack present,5.0,128.0,,android v12,mediatek helio p35 octa core processor,vivo,vivo y11 2023,0,10790,0.0,https://pricebaba.com/mobile/vivo-y11-2023,in stock,4.0,8.0,60
"5000 mah battery with flash charging, charges upto 50% in 9 minutes",5000,dual sim: nano + nano with volte support,17.22,Yes,on-screen fingerprint sensor |face unlock|no 3.5 mm headphone jack present,16.0,256.0,,android v13,mediatek dimensity 9200 plus mt6983 octa core processor,iqoo,iqoo neo 8 pro,0,38790,0.0,https://pricebaba.com/mobile/iqoo-neo-8-pro,in stock,16.0,50.0,144
4821 mah battery with fast charging,4821,dual sim: nano + esim with volte support,19.3,Yes,side fingerprint sensor |face unlock|no 3.5 mm headphone jack present,8.0,256.0,,android v13,google tensor g2 octa core processor,google,google pixel fold,0,147490,0.0,https://pricebaba.com/mobile/google-pixel-fold,in stock,12.0,48.0,120
"4500 mah battery with fast charging, charges upto 100% in 38 minutes",4500,dual sim: nano + nano with volte support,16.64,Yes,on-screen fingerprint sensor |face unlock|no 3.5 mm headphone jack present,32.0,256.0,,android v13,mediatek dimensity 8200 mt6896z octa core processor,xiaomi,xiaomi civi 3,0,29290,0.0,https://pricebaba.com/mobile/xiaomi-civi-3,in stock,12.0,50.0,120
5000 mah battery with fast charging,5000,dual sim: nano + nano (hybrid) with volte support,17.22,Yes,on-screen fingerprint sensor |face unlock|no 3.5 mm headphone jack present,16.0,128.0,,android v13,qualcomm snapdragon 695 octa core processor,vivo,vivo v29 lite,0,31840,0.0,https://pricebaba.com/mobile/vivo-v29-lite,in stock,8.0,64.0,120
5000 mah battery with fast charging,5000,dual sim: nano + nano with volte support,16.33,Yes,side fingerprint sensor |face unlock|3.5 mm headphone jack present,16.0,128.0,,android v13,mediatek helio g96 octa core processor,xiaomi,xiaomi redmi note 12s,0,15999,0.0,https://pricebaba.com/mobile/xiaomi-redmi-note-12s,in stock,6.0,108.0,90
"4800 mah battery with super vooc charging, charges upto 50% in 12 minutes",4800,dual sim: nano + nano with volte support,17.12,Yes,on-screen fingerprint sensor |face unlock|no 3.5 mm headphone jack present,32.0,256.0,,android v13,mediatek dimensity 9200 mt6985 octa core processor,oppo,oppo find x6,0,54190,0.0,https://pricebaba.com/mobile/oppo-find-x6,in stock,12.0,50.0,120
5000 mah battery with fast charging,5000,dual sim: nano + nano (hybrid) with volte support,17.25,Yes,side fingerprint sensor |face unlock|3.5 mm headphone jack present,8.0,128.0,,android v13,mediatek helio g88 octa core processor,xiaomi,xiaomi redmi 12,0,12290,0.0,https://pricebaba.com/mobile/xiaomi-redmi-12,in stock,4.0,50.0,90
5100 mah battery with turbo power charging,5100,dual sim: nano + esim with volte support,16.94,Yes,on-screen fingerprint sensor |face unlock|no 3.5 mm headphone jack present,60.0,256.0,,android v13,qualcomm snapdragon 8 gen 2 octa core processor,motorola,motorola edge plus 2023,0,65490,0.0,https://pricebaba.com/mobile/motorola-edge-plus-2023,in stock,8.0,50.0,165
